regime,sigma_s,xi,snr_db,A0,z,ladder_K,admissible
weak,0.05,0.992,20,5.327031e-01,3.3450,20,1
weak,0.05,0.992,22,5.327031e-01,2.6571,20,1
weak,0.05,0.992,24,5.327031e-01,2.1106,20,1
weak,0.05,0.992,26,5.327031e-01,1.6765,10,1
weak,0.05,0.992,28,5.327031e-01,1.3317,10,1
weak,0.05,0.992,30,5.327031e-01,1.0578,10,1
weak,0.05,0.992,32,5.327031e-01,0.8402,10,1
weak,0.05,0.992,34,5.327031e-01,0.6674,10,1
weak,0.05,0.992,36,5.327031e-01,0.5302,10,1
weak,0.05,0.992,38,5.327031e-01,0.4211,5,1
weak,0.05,0.992,40,5.327031e-01,0.3345,5,1
weak,0.05,0.992,42,5.327031e-01,0.2657,5,1
weak,0.05,0.992,44,5.327031e-01,0.2111,5,1
weak,0.05,0.992,46,5.327031e-01,0.1676,5,1
weak,0.05,0.992,48,5.327031e-01,0.1332,5,1
weak,0.05,0.992,50,5.327031e-01,0.1058,5,1
weak,0.05,1.266,20,3.156681e-01,5.6449,20,1
weak,0.05,1.266,22,3.156681e-01,4.4839,20,1
weak,0.05,1.266,24,3.156681e-01,3.5617,20,1
weak,0.05,1.266,26,3.156681e-01,2.8291,20,1
weak,0.05,1.266,28,3.156681e-01,2.2473,20,1
weak,0.05,1.266,30,3.156681e-01,1.7851,10,1
weak,0.05,1.266,32,3.156681e-01,1.4179,10,1
weak,0.05,1.266,34,3.156681e-01,1.1263,10,1
weak,0.05,1.266,36,3.156681e-01,0.8947,10,1
weak,0.05,1.266,38,3.156681e-01,0.7106,10,1
weak,0.05,1.266,40,3.156681e-01,0.5645,10,1
weak,0.05,1.266,42,3.156681e-01,0.4484,5,1
weak,0.05,1.266,44,3.156681e-01,0.3562,5,1
weak,0.05,1.266,46,3.156681e-01,0.2829,5,1
weak,0.05,1.266,48,3.156681e-01,0.2247,5,1
weak,0.05,1.266,50,3.156681e-01,0.1785,5,1
weak,0.05,1.548,20,2.096053e-01,8.5013,-1,0
weak,0.05,1.548,22,2.096053e-01,6.7528,20,1
weak,0.05,1.548,24,2.096053e-01,5.3639,20,1
weak,0.05,1.548,26,2.096053e-01,4.2607,20,1
weak,0.05,1.548,28,2.096053e-01,3.3844,20,1
weak,0.05,1.548,30,2.096053e-01,2.6883,20,1
weak,0.05,1.548,32,2.096053e-01,2.1354,20,1
weak,0.05,1.548,34,2.096053e-01,1.6962,10,1
weak,0.05,1.548,36,2.096053e-01,1.3474,10,1
weak,0.05,1.548,38,2.096053e-01,1.0702,10,1
weak,0.05,1.548,40,2.096053e-01,0.8501,10,1
weak,0.05,1.548,42,2.096053e-01,0.6753,10,1
weak,0.05,1.548,44,2.096053e-01,0.5364,10,1
weak,0.05,1.548,46,2.096053e-01,0.4261,5,1
weak,0.05,1.548,48,2.096053e-01,0.3384,5,1
weak,0.05,1.548,50,2.096053e-01,0.2688,5,1
weak,0.05,1.967,20,1.294337e-01,13.7670,-1,0
weak,0.05,1.967,22,1.294337e-01,10.9355,-1,0
weak,0.05,1.967,24,1.294337e-01,8.6864,-1,0
weak,0.05,1.967,26,1.294337e-01,6.8998,20,1
weak,0.05,1.967,28,1.294337e-01,5.4807,20,1
weak,0.05,1.967,30,1.294337e-01,4.3535,20,1
weak,0.05,1.967,32,1.294337e-01,3.4581,20,1
weak,0.05,1.967,34,1.294337e-01,2.7469,20,1
weak,0.05,1.967,36,1.294337e-01,2.1819,20,1
weak,0.05,1.967,38,1.294337e-01,1.7332,10,1
weak,0.05,1.967,40,1.294337e-01,1.3767,10,1
weak,0.05,1.967,42,1.294337e-01,1.0935,10,1
weak,0.05,1.967,44,1.294337e-01,0.8686,10,1
weak,0.05,1.967,46,1.294337e-01,0.6900,10,1
weak,0.05,1.967,48,1.294337e-01,0.5481,10,1
weak,0.05,1.967,50,1.294337e-01,0.4353,5,1
weak,0.05,2.511,20,7.934519e-02,22.4577,-1,0
weak,0.05,2.511,22,7.934519e-02,17.8388,-1,0
weak,0.05,2.511,24,7.934519e-02,14.1698,-1,0
weak,0.05,2.511,26,7.934519e-02,11.2555,-1,0
weak,0.05,2.511,28,7.934519e-02,8.9406,-1,0
weak,0.05,2.511,30,7.934519e-02,7.1017,20,1
weak,0.05,2.511,32,7.934519e-02,5.6411,20,1
weak,0.05,2.511,34,7.934519e-02,4.4809,20,1
weak,0.05,2.511,36,7.934519e-02,3.5593,20,1
weak,0.05,2.511,38,7.934519e-02,2.8273,20,1
weak,0.05,2.511,40,7.934519e-02,2.2458,20,1
weak,0.05,2.511,42,7.934519e-02,1.7839,10,1
weak,0.05,2.511,44,7.934519e-02,1.4170,10,1
weak,0.05,2.511,46,7.934519e-02,1.1256,10,1
weak,0.05,2.511,48,7.934519e-02,0.8941,10,1
weak,0.05,2.511,50,7.934519e-02,0.7102,10,1
weak,0.05,3.104,20,5.190725e-02,34.3287,-1,0
weak,0.05,3.104,22,5.190725e-02,27.2683,-1,0
weak,0.05,3.104,24,5.190725e-02,21.6600,-1,0
weak,0.05,3.104,26,5.190725e-02,17.2051,-1,0
weak,0.05,3.104,28,5.190725e-02,13.6665,-1,0
weak,0.05,3.104,30,5.190725e-02,10.8557,-1,0
weak,0.05,3.104,32,5.190725e-02,8.6230,-1,0
weak,0.05,3.104,34,5.190725e-02,6.8495,20,1
weak,0.05,3.104,36,5.190725e-02,5.4407,20,1
weak,0.05,3.104,38,5.190725e-02,4.3217,20,1
weak,0.05,3.104,40,5.190725e-02,3.4329,20,1
weak,0.05,3.104,42,5.190725e-02,2.7268,20,1
weak,0.05,3.104,44,5.190725e-02,2.1660,20,1
weak,0.05,3.104,46,5.190725e-02,1.7205,10,1
weak,0.05,3.104,48,5.190725e-02,1.3667,10,1
weak,0.05,3.104,50,5.190725e-02,1.0856,10,1
weak,0.05,3.912,20,3.267471e-02,54.5348,-1,0
weak,0.05,3.912,22,3.267471e-02,43.3185,-1,0
weak,0.05,3.912,24,3.267471e-02,34.4091,-1,0
weak,0.05,3.912,26,3.267471e-02,27.3322,-1,0
weak,0.05,3.912,28,3.267471e-02,21.7107,-1,0
weak,0.05,3.912,30,3.267471e-02,17.2454,-1,0
weak,0.05,3.912,32,3.267471e-02,13.6985,-1,0
weak,0.05,3.912,34,3.267471e-02,10.8811,-1,0
weak,0.05,3.912,36,3.267471e-02,8.6432,-1,0
weak,0.05,3.912,38,3.267471e-02,6.8655,20,1
weak,0.05,3.912,40,3.267471e-02,5.4535,20,1
weak,0.05,3.912,42,3.267471e-02,4.3319,20,1
weak,0.05,3.912,44,3.267471e-02,3.4409,20,1
weak,0.05,3.912,46,3.267471e-02,2.7332,20,1
weak,0.05,3.912,48,3.267471e-02,2.1711,20,1
weak,0.05,3.912,50,3.267471e-02,1.7245,10,1
weak,0.05,4.888,20,2.092780e-02,85.1456,-1,0
weak,0.05,4.888,22,2.092780e-02,67.6335,-1,0
weak,0.05,4.888,24,2.092780e-02,53.7232,-1,0
weak,0.05,4.888,26,2.092780e-02,42.6739,-1,0
weak,0.05,4.888,28,2.092780e-02,33.8971,-1,0
weak,0.05,4.888,30,2.092780e-02,26.9254,-1,0
weak,0.05,4.888,32,2.092780e-02,21.3876,-1,0
weak,0.05,4.888,34,2.092780e-02,16.9888,-1,0
weak,0.05,4.888,36,2.092780e-02,13.4947,-1,0
weak,0.05,4.888,38,2.092780e-02,10.7192,-1,0
weak,0.05,4.888,40,2.092780e-02,8.5146,-1,0
weak,0.05,4.888,42,2.092780e-02,6.7634,20,1
weak,0.05,4.888,44,2.092780e-02,5.3723,20,1
weak,0.05,4.888,46,2.092780e-02,4.2674,20,1
weak,0.05,4.888,48,2.092780e-02,3.3897,20,1
weak,0.05,4.888,50,2.092780e-02,2.6925,20,1
weak,0.1,0.5,20,5.228863e-01,3.4078,20,1
weak,0.1,0.5,22,5.228863e-01,2.7069,20,1
weak,0.1,0.5,24,5.228863e-01,2.1502,20,1
weak,0.1,0.5,26,5.228863e-01,1.7080,10,1
weak,0.1,0.5,28,5.228863e-01,1.3567,10,1
weak,0.1,0.5,30,5.228863e-01,1.0777,10,1
weak,0.1,0.5,32,5.228863e-01,0.8560,10,1
weak,0.1,0.5,34,5.228863e-01,0.6800,10,1
weak,0.1,0.5,36,5.228863e-01,0.5401,10,1
weak,0.1,0.5,38,5.228863e-01,0.4290,5,1
weak,0.1,0.5,40,5.228863e-01,0.3408,5,1
weak,0.1,0.5,42,5.228863e-01,0.2707,5,1
weak,0.1,0.5,44,5.228863e-01,0.2150,5,1
weak,0.1,0.5,46,5.228863e-01,0.1708,5,1
weak,0.1,0.5,48,5.228863e-01,0.1357,5,1
weak,0.1,0.5,50,5.228863e-01,0.1078,5,1
weak,0.1,0.628,20,3.208683e-01,5.5534,20,1
weak,0.1,0.628,22,3.208683e-01,4.4112,20,1
weak,0.1,0.628,24,3.208683e-01,3.5040,20,1
weak,0.1,0.628,26,3.208683e-01,2.7833,20,1
weak,0.1,0.628,28,3.208683e-01,2.2108,20,1
weak,0.1,0.628,30,3.208683e-01,1.7561,10,1
weak,0.1,0.628,32,3.208683e-01,1.3950,10,1
weak,0.1,0.628,34,3.208683e-01,1.1080,10,1
weak,0.1,0.628,36,3.208683e-01,0.8802,10,1
weak,0.1,0.628,38,3.208683e-01,0.6991,10,1
weak,0.1,0.628,40,3.208683e-01,0.5553,10,1
weak,0.1,0.628,42,3.208683e-01,0.4411,5,1
weak,0.1,0.628,44,3.208683e-01,0.3504,5,1
weak,0.1,0.628,46,3.208683e-01,0.2783,5,1
weak,0.1,0.628,48,3.208683e-01,0.2211,5,1
weak,0.1,0.628,50,3.208683e-01,0.1756,5,1
weak,0.1,0.789,20,2.016348e-01,8.8373,-1,0
weak,0.1,0.789,22,2.016348e-01,7.0197,20,1
weak,0.1,0.789,24,2.016348e-01,5.5760,20,1
weak,0.1,0.789,26,2.016348e-01,4.4291,20,1
weak,0.1,0.789,28,2.016348e-01,3.5182,20,1
weak,0.1,0.789,30,2.016348e-01,2.7946,20,1
weak,0.1,0.789,32,2.016348e-01,2.2198,20,1
weak,0.1,0.789,34,2.016348e-01,1.7633,10,1
weak,0.1,0.789,36,2.016348e-01,1.4006,10,1
weak,0.1,0.789,38,2.016348e-01,1.1126,10,1
weak,0.1,0.789,40,2.016348e-01,0.8837,10,1
weak,0.1,0.789,42,2.016348e-01,0.7020,10,1
weak,0.1,0.789,44,2.016348e-01,0.5576,10,1
weak,0.1,0.789,46,2.016348e-01,0.4429,5,1
weak,0.1,0.789,48,2.016348e-01,0.3518,5,1
weak,0.1,0.789,50,2.016348e-01,0.2795,5,1
weak,0.1,0.992,20,1.272177e-01,14.0068,-1,0
weak,0.1,0.992,22,1.272177e-01,11.1260,-1,0
weak,0.1,0.992,24,1.272177e-01,8.8377,-1,0
weak,0.1,0.992,26,1.272177e-01,7.0200,20,1
weak,0.1,0.992,28,1.272177e-01,5.5762,20,1
weak,0.1,0.992,30,1.272177e-01,4.4293,20,1
weak,0.1,0.992,32,1.272177e-01,3.5183,20,1
weak,0.1,0.992,34,1.272177e-01,2.7947,20,1
weak,0.1,0.992,36,1.272177e-01,2.2199,20,1
weak,0.1,0.992,38,1.272177e-01,1.7633,10,1
weak,0.1,0.992,40,1.272177e-01,1.4007,10,1
weak,0.1,0.992,42,1.272177e-01,1.1126,10,1
weak,0.1,0.992,44,1.272177e-01,0.8838,10,1
weak,0.1,0.992,46,1.272177e-01,0.7020,10,1
weak,0.1,0.992,48,1.272177e-01,0.5576,10,1
weak,0.1,0.992,50,1.272177e-01,0.4429,5,1
weak,0.1,1.266,20,7.803300e-02,22.8353,-1,0
weak,0.1,1.266,22,7.803300e-02,18.1387,-1,0
weak,0.1,1.266,24,7.803300e-02,14.4081,-1,0
weak,0.1,1.266,26,7.803300e-02,11.4448,-1,0
weak,0.1,1.266,28,7.803300e-02,9.0909,-1,0
weak,0.1,1.266,30,7.803300e-02,7.2212,20,1
weak,0.1,1.266,32,7.803300e-02,5.7360,20,1
weak,0.1,1.266,34,7.803300e-02,4.5562,20,1
weak,0.1,1.266,36,7.803300e-02,3.6192,20,1
weak,0.1,1.266,38,7.803300e-02,2.8748,20,1
weak,0.1,1.266,40,7.803300e-02,2.2835,20,1
weak,0.1,1.266,42,7.803300e-02,1.8139,10,1
weak,0.1,1.266,44,7.803300e-02,1.4408,10,1
weak,0.1,1.266,46,7.803300e-02,1.1445,10,1
weak,0.1,1.266,48,7.803300e-02,0.9091,10,1
weak,0.1,1.266,50,7.803300e-02,0.7221,10,1
weak,0.1,1.548,20,5.217598e-02,34.1519,-1,0
weak,0.1,1.548,22,5.217598e-02,27.1278,-1,0
weak,0.1,1.548,24,5.217598e-02,21.5484,-1,0
weak,0.1,1.548,26,5.217598e-02,17.1165,-1,0
weak,0.1,1.548,28,5.217598e-02,13.5961,-1,0
weak,0.1,1.548,30,5.217598e-02,10.7998,-1,0
weak,0.1,1.548,32,5.217598e-02,8.5786,-1,0
weak,0.1,1.548,34,5.217598e-02,6.8142,20,1
weak,0.1,1.548,36,5.217598e-02,5.4127,20,1
weak,0.1,1.548,38,5.217598e-02,4.2995,20,1
weak,0.1,1.548,40,5.217598e-02,3.4152,20,1
weak,0.1,1.548,42,5.217598e-02,2.7128,20,1
weak,0.1,1.548,44,5.217598e-02,2.1548,20,1
weak,0.1,1.548,46,5.217598e-02,1.7116,10,1
weak,0.1,1.548,48,5.217598e-02,1.3596,10,1
weak,0.1,1.548,50,5.217598e-02,1.0800,10,1
weak,0.1,1.967,20,3.231021e-02,55.1500,-1,0
weak,0.1,1.967,22,3.231021e-02,43.8072,-1,0
weak,0.1,1.967,24,3.231021e-02,34.7973,-1,0
weak,0.1,1.967,26,3.231021e-02,27.6405,-1,0
weak,0.1,1.967,28,3.231021e-02,21.9556,-1,0
weak,0.1,1.967,30,3.231021e-02,17.4400,-1,0
weak,0.1,1.967,32,3.231021e-02,13.8531,-1,0
weak,0.1,1.967,34,3.231021e-02,11.0039,-1,0
weak,0.1,1.967,36,3.231021e-02,8.7407,-1,0
weak,0.1,1.967,38,3.231021e-02,6.9430,20,1
weak,0.1,1.967,40,3.231021e-02,5.5150,20,1
weak,0.1,1.967,42,3.231021e-02,4.3807,20,1
weak,0.1,1.967,44,3.231021e-02,3.4797,20,1
weak,0.1,1.967,46,3.231021e-02,2.7640,20,1
weak,0.1,1.967,48,3.231021e-02,2.1956,20,1
weak,0.1,1.967,50,3.231021e-02,1.7440,10,1
weak,0.1,2.511,20,1.982581e-02,89.8783,-1,0
weak,0.1,2.511,22,1.982581e-02,71.3928,-1,0
weak,0.1,2.511,24,1.982581e-02,56.7093,-1,0
weak,0.1,2.511,26,1.982581e-02,45.0458,-1,0
weak,0.1,2.511,28,1.982581e-02,35.7812,-1,0
weak,0.1,2.511,30,1.982581e-02,28.4220,-1,0
weak,0.1,2.511,32,1.982581e-02,22.5764,-1,0
weak,0.1,2.511,34,1.982581e-02,17.9331,-1,0
weak,0.1,2.511,36,1.982581e-02,14.2447,-1,0
weak,0.1,2.511,38,1.982581e-02,11.3150,-1,0
weak,0.1,2.511,40,1.982581e-02,8.9878,-1,0
weak,0.1,2.511,42,1.982581e-02,7.1393,20,1
weak,0.1,2.511,44,1.982581e-02,5.6709,20,1
weak,0.1,2.511,46,1.982581e-02,4.5046,20,1
weak,0.1,2.511,48,1.982581e-02,3.5781,20,1
weak,0.1,2.511,50,1.982581e-02,2.8422,20,1
weak,0.1,3.104,20,1.297396e-02,137.3450,-1,0
weak,0.1,3.104,22,1.297396e-02,109.0970,-1,0
weak,0.1,3.104,24,1.297396e-02,86.6588,-1,0
weak,0.1,3.104,26,1.297396e-02,68.8356,-1,0
weak,0.1,3.104,28,1.297396e-02,54.6780,-1,0
weak,0.1,3.104,30,1.297396e-02,43.4323,-1,0
weak,0.1,3.104,32,1.297396e-02,34.4995,-1,0
weak,0.1,3.104,34,1.297396e-02,27.4039,-1,0
weak,0.1,3.104,36,1.297396e-02,21.7677,-1,0
weak,0.1,3.104,38,1.297396e-02,17.2907,-1,0
weak,0.1,3.104,40,1.297396e-02,13.7345,-1,0
weak,0.1,3.104,42,1.297396e-02,10.9097,-1,0
weak,0.1,3.104,44,1.297396e-02,8.6659,-1,0
weak,0.1,3.104,46,1.297396e-02,6.8836,20,1
weak,0.1,3.104,48,1.297396e-02,5.4678,20,1
weak,0.1,3.104,50,1.297396e-02,4.3432,20,1
weak,0.1,3.912,20,8.167981e-03,218.1578,-1,0
weak,0.1,3.912,22,8.167981e-03,173.2889,-1,0
weak,0.1,3.912,24,8.167981e-03,137.6483,-1,0
weak,0.1,3.912,26,8.167981e-03,109.3379,-1,0
weak,0.1,3.912,28,8.167981e-03,86.8502,-1,0
weak,0.1,3.912,30,8.167981e-03,68.9876,-1,0
weak,0.1,3.912,32,8.167981e-03,54.7988,-1,0
weak,0.1,3.912,34,8.167981e-03,43.5282,-1,0
weak,0.1,3.912,36,8.167981e-03,34.5757,-1,0
weak,0.1,3.912,38,8.167981e-03,27.4644,-1,0
weak,0.1,3.912,40,8.167981e-03,21.8158,-1,0
weak,0.1,3.912,42,8.167981e-03,17.3289,-1,0
weak,0.1,3.912,44,8.167981e-03,13.7648,-1,0
weak,0.1,3.912,46,8.167981e-03,10.9338,-1,0
weak,0.1,3.912,48,8.167981e-03,8.6850,-1,0
weak,0.1,3.912,50,8.167981e-03,6.8988,20,1
weak,0.1,4.888,20,5.231769e-03,340.5940,-1,0
weak,0.1,4.888,22,5.231769e-03,270.5434,-1,0
weak,0.1,4.888,24,5.231769e-03,214.9003,-1,0
weak,0.1,4.888,26,5.231769e-03,170.7013,-1,0
weak,0.1,4.888,28,5.231769e-03,135.5929,-1,0
weak,0.1,4.888,30,5.231769e-03,107.7053,-1,0
weak,0.1,4.888,32,5.231769e-03,85.5533,-1,0
weak,0.1,4.888,34,5.231769e-03,67.9574,-1,0
weak,0.1,4.888,36,5.231769e-03,53.9805,-1,0
weak,0.1,4.888,38,5.231769e-03,42.8782,-1,0
weak,0.1,4.888,40,5.231769e-03,34.0594,-1,0
weak,0.1,4.888,42,5.231769e-03,27.0543,-1,0
weak,0.1,4.888,44,5.231769e-03,21.4900,-1,0
weak,0.1,4.888,46,5.231769e-03,17.0701,-1,0
weak,0.1,4.888,48,5.231769e-03,13.5593,-1,0
weak,0.1,4.888,50,5.231769e-03,10.7705,-1,0
weak,0.2,0.5,20,1.251839e-01,14.2343,-1,0
weak,0.2,0.5,22,1.251839e-01,11.3067,-1,0
weak,0.2,0.5,24,1.251839e-01,8.9813,-1,0
weak,0.2,0.5,26,1.251839e-01,7.1341,20,1
weak,0.2,0.5,28,1.251839e-01,5.6668,20,1
weak,0.2,0.5,30,1.251839e-01,4.5013,20,1
weak,0.2,0.5,32,1.251839e-01,3.5755,20,1
weak,0.2,0.5,34,1.251839e-01,2.8401,20,1
weak,0.2,0.5,36,1.251839e-01,2.2560,20,1
weak,0.2,0.5,38,1.251839e-01,1.7920,10,1
weak,0.2,0.5,40,1.251839e-01,1.4234,10,1
weak,0.2,0.5,42,1.251839e-01,1.1307,10,1
weak,0.2,0.5,44,1.251839e-01,0.8981,10,1
weak,0.2,0.5,46,1.251839e-01,0.7134,10,1
weak,0.2,0.5,48,1.251839e-01,0.5667,10,1
weak,0.2,0.5,50,1.251839e-01,0.4501,5,1
weak,0.2,0.628,20,7.928196e-02,22.4756,-1,0
weak,0.2,0.628,22,7.928196e-02,17.8530,-1,0
weak,0.2,0.628,24,7.928196e-02,14.1811,-1,0
weak,0.2,0.628,26,7.928196e-02,11.2645,-1,0
weak,0.2,0.628,28,7.928196e-02,8.9477,-1,0
weak,0.2,0.628,30,7.928196e-02,7.1074,20,1
weak,0.2,0.628,32,7.928196e-02,5.6456,20,1
weak,0.2,0.628,34,7.928196e-02,4.4845,20,1
weak,0.2,0.628,36,7.928196e-02,3.5621,20,1
weak,0.2,0.628,38,7.928196e-02,2.8295,20,1
weak,0.2,0.628,40,7.928196e-02,2.2476,20,1
weak,0.2,0.628,42,7.928196e-02,1.7853,10,1
weak,0.2,0.628,44,7.928196e-02,1.4181,10,1
weak,0.2,0.628,46,7.928196e-02,1.1264,10,1
weak,0.2,0.628,48,7.928196e-02,0.8948,10,1
weak,0.2,0.628,50,7.928196e-02,0.7107,10,1
weak,0.2,0.789,20,5.021007e-02,35.4891,-1,0
weak,0.2,0.789,22,5.021007e-02,28.1900,-1,0
weak,0.2,0.789,24,5.021007e-02,22.3921,-1,0
weak,0.2,0.789,26,5.021007e-02,17.7867,-1,0
weak,0.2,0.789,28,5.021007e-02,14.1285,-1,0
weak,0.2,0.789,30,5.021007e-02,11.2226,-1,0
weak,0.2,0.789,32,5.021007e-02,8.9145,-1,0
weak,0.2,0.789,34,5.021007e-02,7.0810,20,1
weak,0.2,0.789,36,5.021007e-02,5.6246,20,1
weak,0.2,0.789,38,5.021007e-02,4.4678,20,1
weak,0.2,0.789,40,5.021007e-02,3.5489,20,1
weak,0.2,0.789,42,5.021007e-02,2.8190,20,1
weak,0.2,0.789,44,5.021007e-02,2.2392,20,1
weak,0.2,0.789,46,5.021007e-02,1.7787,10,1
weak,0.2,0.789,48,5.021007e-02,1.4128,10,1
weak,0.2,0.789,50,5.021007e-02,1.1223,10,1
weak,0.2,0.992,20,3.175879e-02,56.1076,-1,0
weak,0.2,0.992,22,3.175879e-02,44.5678,-1,0
weak,0.2,0.992,24,3.175879e-02,35.4015,-1,0
weak,0.2,0.992,26,3.175879e-02,28.1204,-1,0
weak,0.2,0.992,28,3.175879e-02,22.3368,-1,0
weak,0.2,0.992,30,3.175879e-02,17.7428,-1,0
weak,0.2,0.992,32,3.175879e-02,14.0936,-1,0
weak,0.2,0.992,34,3.175879e-02,11.1949,-1,0
weak,0.2,0.992,36,3.175879e-02,8.8925,-1,0
weak,0.2,0.992,38,3.175879e-02,7.0635,20,1
weak,0.2,0.992,40,3.175879e-02,5.6108,20,1
weak,0.2,0.992,42,3.175879e-02,4.4568,20,1
weak,0.2,0.992,44,3.175879e-02,3.5401,20,1
weak,0.2,0.992,46,3.175879e-02,2.8120,20,1
weak,0.2,0.992,48,3.175879e-02,2.2337,20,1
weak,0.2,0.992,50,3.175879e-02,1.7743,10,1
weak,0.2,1.266,20,1.949829e-02,91.3880,-1,0
weak,0.2,1.266,22,1.949829e-02,72.5921,-1,0
weak,0.2,1.266,24,1.949829e-02,57.6619,-1,0
weak,0.2,1.266,26,1.949829e-02,45.8025,-1,0
weak,0.2,1.266,28,1.949829e-02,36.3822,-1,0
weak,0.2,1.266,30,1.949829e-02,28.8994,-1,0
weak,0.2,1.266,32,1.949829e-02,22.9556,-1,0
weak,0.2,1.266,34,1.949829e-02,18.2343,-1,0
weak,0.2,1.266,36,1.949829e-02,14.4840,-1,0
weak,0.2,1.266,38,1.949829e-02,11.5051,-1,0
weak,0.2,1.266,40,1.949829e-02,9.1388,-1,0
weak,0.2,1.266,42,1.949829e-02,7.2592,20,1
weak,0.2,1.266,44,1.949829e-02,5.7662,20,1
weak,0.2,1.266,46,1.949829e-02,4.5802,20,1
weak,0.2,1.266,48,1.949829e-02,3.6382,20,1
weak,0.2,1.266,50,1.949829e-02,2.8899,20,1
weak,0.2,1.548,20,1.304110e-02,136.6379,-1,0
weak,0.2,1.548,22,1.304110e-02,108.5354,-1,0
weak,0.2,1.548,24,1.304110e-02,86.2127,-1,0
weak,0.2,1.548,26,1.304110e-02,68.4812,-1,0
weak,0.2,1.548,28,1.304110e-02,54.3965,-1,0
weak,0.2,1.548,30,1.304110e-02,43.2087,-1,0
weak,0.2,1.548,32,1.304110e-02,34.3219,-1,0
weak,0.2,1.548,34,1.304110e-02,27.2629,-1,0
weak,0.2,1.548,36,1.304110e-02,21.6557,-1,0
weak,0.2,1.548,38,1.304110e-02,17.2017,-1,0
weak,0.2,1.548,40,1.304110e-02,13.6638,-1,0
weak,0.2,1.548,42,1.304110e-02,10.8535,-1,0
weak,0.2,1.548,44,1.304110e-02,8.6213,-1,0
weak,0.2,1.548,46,1.304110e-02,6.8481,20,1
weak,0.2,1.548,48,1.304110e-02,5.4397,20,1
weak,0.2,1.548,50,1.304110e-02,4.3209,20,1
weak,0.2,1.967,20,8.076880e-03,220.6185,-1,0
weak,0.2,1.967,22,8.076880e-03,175.2435,-1,0
weak,0.2,1.967,24,8.076880e-03,139.2009,-1,0
weak,0.2,1.967,26,8.076880e-03,110.5712,-1,0
weak,0.2,1.967,28,8.076880e-03,87.8298,-1,0
weak,0.2,1.967,30,8.076880e-03,69.7657,-1,0
weak,0.2,1.967,32,8.076880e-03,55.4169,-1,0
weak,0.2,1.967,34,8.076880e-03,44.0192,-1,0
weak,0.2,1.967,36,8.076880e-03,34.9657,-1,0
weak,0.2,1.967,38,8.076880e-03,27.7742,-1,0
weak,0.2,1.967,40,8.076880e-03,22.0618,-1,0
weak,0.2,1.967,42,8.076880e-03,17.5243,-1,0
weak,0.2,1.967,44,8.076880e-03,13.9201,-1,0
weak,0.2,1.967,46,8.076880e-03,11.0571,-1,0
weak,0.2,1.967,48,8.076880e-03,8.7830,-1,0
weak,0.2,1.967,50,8.076880e-03,6.9766,20,1
weak,0.2,2.511,20,4.956299e-03,359.5241,-1,0
weak,0.2,2.511,22,4.956299e-03,285.5802,-1,0
weak,0.2,2.511,24,4.956299e-03,226.8444,-1,0
weak,0.2,2.511,26,4.956299e-03,180.1889,-1,0
weak,0.2,2.511,28,4.956299e-03,143.1291,-1,0
weak,0.2,2.511,30,4.956299e-03,113.6915,-1,0
weak,0.2,2.511,32,4.956299e-03,90.3084,-1,0
weak,0.2,2.511,34,4.956299e-03,71.7345,-1,0
weak,0.2,2.511,36,4.956299e-03,56.9807,-1,0
weak,0.2,2.511,38,4.956299e-03,45.2614,-1,0
weak,0.2,2.511,40,4.956299e-03,35.9524,-1,0
weak,0.2,2.511,42,4.956299e-03,28.5580,-1,0
weak,0.2,2.511,44,4.956299e-03,22.6844,-1,0
weak,0.2,2.511,46,4.956299e-03,18.0189,-1,0
weak,0.2,2.511,48,4.956299e-03,14.3129,-1,0
weak,0.2,2.511,50,4.956299e-03,11.3692,-1,0
weak,0.2,3.104,20,3.243448e-03,549.3872,-1,0
weak,0.2,3.104,22,3.243448e-03,436.3938,-1,0
weak,0.2,3.104,24,3.243448e-03,346.6399,-1,0
weak,0.2,3.104,26,3.243448e-03,275.3459,-1,0
weak,0.2,3.104,28,3.243448e-03,218.7150,-1,0
weak,0.2,3.104,30,3.243448e-03,173.7315,-1,0
weak,0.2,3.104,32,3.243448e-03,137.9998,-1,0
weak,0.2,3.104,34,3.243448e-03,109.6172,-1,0
weak,0.2,3.104,36,3.243448e-03,87.0720,-1,0
weak,0.2,3.104,38,3.243448e-03,69.1638,-1,0
weak,0.2,3.104,40,3.243448e-03,54.9387,-1,0
weak,0.2,3.104,42,3.243448e-03,43.6394,-1,0
weak,0.2,3.104,44,3.243448e-03,34.6640,-1,0
weak,0.2,3.104,46,3.243448e-03,27.5346,-1,0
weak,0.2,3.104,48,3.243448e-03,21.8715,-1,0
weak,0.2,3.104,50,3.243448e-03,17.3732,-1,0
weak,0.2,3.912,20,2.041985e-03,872.6359,-1,0
weak,0.2,3.912,22,2.041985e-03,693.1593,-1,0
weak,0.2,3.912,24,2.041985e-03,550.5960,-1,0
weak,0.2,3.912,26,2.041985e-03,437.3540,-1,0
weak,0.2,3.912,28,2.041985e-03,347.4026,-1,0
weak,0.2,3.912,30,2.041985e-03,275.9517,-1,0
weak,0.2,3.912,32,2.041985e-03,219.1962,-1,0
weak,0.2,3.912,34,2.041985e-03,174.1137,-1,0
weak,0.2,3.912,36,2.041985e-03,138.3035,-1,0
weak,0.2,3.912,38,2.041985e-03,109.8583,-1,0
weak,0.2,3.912,40,2.041985e-03,87.2636,-1,0
weak,0.2,3.912,42,2.041985e-03,69.3159,-1,0
weak,0.2,3.912,44,2.041985e-03,55.0596,-1,0
weak,0.2,3.912,46,2.041985e-03,43.7354,-1,0
weak,0.2,3.912,48,2.041985e-03,34.7403,-1,0
weak,0.2,3.912,50,2.041985e-03,27.5952,-1,0
weak,0.2,4.888,20,1.307940e-03,1362.3787,-1,0
weak,0.2,4.888,22,1.307940e-03,1082.1759,-1,0
weak,0.2,4.888,24,1.307940e-03,859.6029,-1,0
weak,0.2,4.888,26,1.307940e-03,682.8068,-1,0
weak,0.2,4.888,28,1.307940e-03,542.3727,-1,0
weak,0.2,4.888,30,1.307940e-03,430.8220,-1,0
weak,0.2,4.888,32,1.307940e-03,342.2141,-1,0
weak,0.2,4.888,34,1.307940e-03,271.8303,-1,0
weak,0.2,4.888,36,1.307940e-03,215.9225,-1,0
weak,0.2,4.888,38,1.307940e-03,171.5133,-1,0
weak,0.2,4.888,40,1.307940e-03,136.2379,-1,0
weak,0.2,4.888,42,1.307940e-03,108.2176,-1,0
weak,0.2,4.888,44,1.307940e-03,85.9603,-1,0
weak,0.2,4.888,46,1.307940e-03,68.2807,-1,0
weak,0.2,4.888,48,1.307940e-03,54.2373,-1,0
weak,0.2,4.888,50,1.307940e-03,43.0822,-1,0
weak,0.3,0.5,20,5.557049e-02,32.0657,-1,0
weak,0.3,0.5,22,5.557049e-02,25.4707,-1,0
weak,0.3,0.5,24,5.557049e-02,20.2321,-1,0
weak,0.3,0.5,26,5.557049e-02,16.0709,-1,0
weak,0.3,0.5,28,5.557049e-02,12.7656,-1,0
weak,0.3,0.5,30,5.557049e-02,10.1401,-1,0
weak,0.3,0.5,32,5.557049e-02,8.0546,-1,0
weak,0.3,0.5,34,5.557049e-02,6.3980,20,1
weak,0.3,0.5,36,5.557049e-02,5.0821,20,1
weak,0.3,0.5,38,5.557049e-02,4.0368,20,1
weak,0.3,0.5,40,5.557049e-02,3.2066,20,1
weak,0.3,0.5,42,5.557049e-02,2.5471,20,1
weak,0.3,0.5,44,5.557049e-02,2.0232,20,1
weak,0.3,0.5,46,5.557049e-02,1.6071,10,1
weak,0.3,0.5,48,5.557049e-02,1.2766,10,1
weak,0.3,0.5,50,5.557049e-02,1.0140,10,1
weak,0.3,0.628,20,3.522039e-02,50.5931,-1,0
weak,0.3,0.628,22,3.522039e-02,40.1875,-1,0
weak,0.3,0.628,24,3.522039e-02,31.9221,-1,0
weak,0.3,0.628,26,3.522039e-02,25.3566,-1,0
weak,0.3,0.628,28,3.522039e-02,20.1415,-1,0
weak,0.3,0.628,30,3.522039e-02,15.9989,-1,0
weak,0.3,0.628,32,3.522039e-02,12.7084,-1,0
weak,0.3,0.628,34,3.522039e-02,10.0947,-1,0
weak,0.3,0.628,36,3.522039e-02,8.0185,-1,0
weak,0.3,0.628,38,3.522039e-02,6.3693,20,1
weak,0.3,0.628,40,3.522039e-02,5.0593,20,1
weak,0.3,0.628,42,3.522039e-02,4.0188,20,1
weak,0.3,0.628,44,3.522039e-02,3.1922,20,1
weak,0.3,0.628,46,3.522039e-02,2.5357,20,1
weak,0.3,0.628,48,3.522039e-02,2.0141,20,1
weak,0.3,0.628,50,3.522039e-02,1.5999,10,1
weak,0.3,0.789,20,2.231165e-02,79.8645,-1,0
weak,0.3,0.789,22,2.231165e-02,63.4386,-1,0
weak,0.3,0.789,24,2.231165e-02,50.3911,-1,0
weak,0.3,0.789,26,2.231165e-02,40.0271,-1,0
weak,0.3,0.789,28,2.231165e-02,31.7946,-1,0
weak,0.3,0.789,30,2.231165e-02,25.2554,-1,0
weak,0.3,0.789,32,2.231165e-02,20.0611,-1,0
weak,0.3,0.789,34,2.231165e-02,15.9351,-1,0
weak,0.3,0.789,36,2.231165e-02,12.6577,-1,0
weak,0.3,0.789,38,2.231165e-02,10.0543,-1,0
weak,0.3,0.789,40,2.231165e-02,7.9865,20,1
weak,0.3,0.789,42,2.231165e-02,6.3439,20,1
weak,0.3,0.789,44,2.231165e-02,5.0391,20,1
weak,0.3,0.789,46,2.231165e-02,4.0027,20,1
weak,0.3,0.789,48,2.231165e-02,3.1795,20,1
weak,0.3,0.789,50,2.231165e-02,2.5255,20,1
weak,0.3,0.992,20,1.411404e-02,126.2508,-1,0
weak,0.3,0.992,22,1.411404e-02,100.2846,-1,0
weak,0.3,0.992,24,1.411404e-02,79.6589,-1,0
weak,0.3,0.992,26,1.411404e-02,63.2753,-1,0
weak,0.3,0.992,28,1.411404e-02,50.2614,-1,0
weak,0.3,0.992,30,1.411404e-02,39.9240,-1,0
weak,0.3,0.992,32,1.411404e-02,31.7128,-1,0
weak,0.3,0.992,34,1.411404e-02,25.1903,-1,0
weak,0.3,0.992,36,1.411404e-02,20.0094,-1,0
weak,0.3,0.992,38,1.411404e-02,15.8940,-1,0
weak,0.3,0.992,40,1.411404e-02,12.6251,-1,0
weak,0.3,0.992,42,1.411404e-02,10.0285,-1,0
weak,0.3,0.992,44,1.411404e-02,7.9659,20,1
weak,0.3,0.992,46,1.411404e-02,6.3275,20,1
weak,0.3,0.992,48,1.411404e-02,5.0261,20,1
weak,0.3,0.992,50,1.411404e-02,3.9924,20,1
weak,0.3,1.266,20,8.665683e-03,205.6282,-1,0
weak,0.3,1.266,22,8.665683e-03,163.3363,-1,0
weak,0.3,1.266,24,8.665683e-03,129.7426,-1,0
weak,0.3,1.266,26,8.665683e-03,103.0582,-1,0
weak,0.3,1.266,28,8.665683e-03,81.8621,-1,0
weak,0.3,1.266,30,8.665683e-03,65.0254,-1,0
weak,0.3,1.266,32,8.665683e-03,51.6515,-1,0
weak,0.3,1.266,34,8.665683e-03,41.0282,-1,0
weak,0.3,1.266,36,8.665683e-03,32.5899,-1,0
weak,0.3,1.266,38,8.665683e-03,25.8871,-1,0
weak,0.3,1.266,40,8.665683e-03,20.5628,-1,0
weak,0.3,1.266,42,8.665683e-03,16.3336,-1,0
weak,0.3,1.266,44,8.665683e-03,12.9743,-1,0
weak,0.3,1.266,46,8.665683e-03,10.3058,-1,0
weak,0.3,1.266,48,8.665683e-03,8.1862,-1,0
weak,0.3,1.266,50,8.665683e-03,6.5025,20,1
weak,0.3,1.548,20,5.795979e-03,307.4388,-1,0
weak,0.3,1.548,22,5.795979e-03,244.2074,-1,0
weak,0.3,1.548,24,5.795979e-03,193.9808,-1,0
weak,0.3,1.548,26,5.795979e-03,154.0844,-1,0
weak,0.3,1.548,28,5.795979e-03,122.3936,-1,0
weak,0.3,1.548,30,5.795979e-03,97.2207,-1,0
weak,0.3,1.548,32,5.795979e-03,77.2251,-1,0
weak,0.3,1.548,34,5.795979e-03,61.3421,-1,0
weak,0.3,1.548,36,5.795979e-03,48.7258,-1,0
weak,0.3,1.548,38,5.795979e-03,38.7043,-1,0
weak,0.3,1.548,40,5.795979e-03,30.7439,-1,0
weak,0.3,1.548,42,5.795979e-03,24.4207,-1,0
weak,0.3,1.548,44,5.795979e-03,19.3981,-1,0
weak,0.3,1.548,46,5.795979e-03,15.4084,-1,0
weak,0.3,1.548,48,5.795979e-03,12.2394,-1,0
weak,0.3,1.548,50,5.795979e-03,9.7221,-1,0
weak,0.3,1.967,20,3.589709e-03,496.3937,-1,0
weak,0.3,1.967,22,3.589709e-03,394.2996,-1,0
weak,0.3,1.967,24,3.589709e-03,313.2033,-1,0
weak,0.3,1.967,26,3.589709e-03,248.7862,-1,0
weak,0.3,1.967,28,3.589709e-03,197.6179,-1,0
weak,0.3,1.967,30,3.589709e-03,156.9735,-1,0
weak,0.3,1.967,32,3.589709e-03,124.6885,-1,0
weak,0.3,1.967,34,3.589709e-03,99.0436,-1,0
weak,0.3,1.967,36,3.589709e-03,78.6731,-1,0
weak,0.3,1.967,38,3.589709e-03,62.4923,-1,0
weak,0.3,1.967,40,3.589709e-03,49.6394,-1,0
weak,0.3,1.967,42,3.589709e-03,39.4300,-1,0
weak,0.3,1.967,44,3.589709e-03,31.3203,-1,0
weak,0.3,1.967,46,3.589709e-03,24.8786,-1,0
weak,0.3,1.967,48,3.589709e-03,19.7618,-1,0
weak,0.3,1.967,50,3.589709e-03,15.6973,-1,0
weak,0.3,2.511,20,2.202796e-03,808.9307,-1,0
weak,0.3,2.511,22,2.202796e-03,642.5565,-1,0
weak,0.3,2.511,24,2.202796e-03,510.4007,-1,0
weak,0.3,2.511,26,2.202796e-03,405.4257,-1,0
weak,0.3,2.511,28,2.202796e-03,322.0411,-1,0
weak,0.3,2.511,30,2.202796e-03,255.8063,-1,0
weak,0.3,2.511,32,2.202796e-03,203.1942,-1,0
weak,0.3,2.511,34,2.202796e-03,161.4029,-1,0
weak,0.3,2.511,36,2.202796e-03,128.2069,-1,0
weak,0.3,2.511,38,2.202796e-03,101.8383,-1,0
weak,0.3,2.511,40,2.202796e-03,80.8931,-1,0
weak,0.3,2.511,42,2.202796e-03,64.2556,-1,0
weak,0.3,2.511,44,2.202796e-03,51.0401,-1,0
weak,0.3,2.511,46,2.202796e-03,40.5426,-1,0
weak,0.3,2.511,48,2.202796e-03,32.2041,-1,0
weak,0.3,2.511,50,2.202796e-03,25.5806,-1,0
weak,0.3,3.104,20,1.441532e-03,1236.1222,-1,0
weak,0.3,3.104,22,1.441532e-03,981.8867,-1,0
weak,0.3,3.104,24,1.441532e-03,779.9404,-1,0
weak,0.3,3.104,26,1.441532e-03,619.5286,-1,0
weak,0.3,3.104,28,1.441532e-03,492.1091,-1,0
weak,0.3,3.104,30,1.441532e-03,390.8961,-1,0
weak,0.3,3.104,32,1.441532e-03,310.4998,-1,0
weak,0.3,3.104,34,1.441532e-03,246.6388,-1,0
weak,0.3,3.104,36,1.441532e-03,195.9122,-1,0
weak,0.3,3.104,38,1.441532e-03,155.6186,-1,0
weak,0.3,3.104,40,1.441532e-03,123.6122,-1,0
weak,0.3,3.104,42,1.441532e-03,98.1887,-1,0
weak,0.3,3.104,44,1.441532e-03,77.9940,-1,0
weak,0.3,3.104,46,1.441532e-03,61.9529,-1,0
weak,0.3,3.104,48,1.441532e-03,49.2109,-1,0
weak,0.3,3.104,50,1.441532e-03,39.0896,-1,0
weak,0.3,3.912,20,9.075485e-04,1963.4313,-1,0
weak,0.3,3.912,22,9.075485e-04,1559.6089,-1,0
weak,0.3,3.912,24,9.075485e-04,1238.8414,-1,0
weak,0.3,3.912,26,9.075485e-04,984.0467,-1,0
weak,0.3,3.912,28,9.075485e-04,781.6561,-1,0
weak,0.3,3.912,30,9.075485e-04,620.8915,-1,0
weak,0.3,3.912,32,9.075485e-04,493.1916,-1,0
weak,0.3,3.912,34,9.075485e-04,391.7560,-1,0
weak,0.3,3.912,36,9.075485e-04,311.1829,-1,0
weak,0.3,3.912,38,9.075485e-04,247.1814,-1,0
weak,0.3,3.912,40,9.075485e-04,196.3431,-1,0
weak,0.3,3.912,42,9.075485e-04,155.9609,-1,0
weak,0.3,3.912,44,9.075485e-04,123.8841,-1,0
weak,0.3,3.912,46,9.075485e-04,98.4047,-1,0
weak,0.3,3.912,48,9.075485e-04,78.1656,-1,0
weak,0.3,3.912,50,9.075485e-04,62.0891,-1,0
weak,0.3,4.888,20,5.813064e-04,3065.3525,-1,0
weak,0.3,4.888,22,5.813064e-04,2434.8960,-1,0
weak,0.3,4.888,24,5.813064e-04,1934.1067,-1,0
weak,0.3,4.888,26,5.813064e-04,1536.3155,-1,0
weak,0.3,4.888,28,5.813064e-04,1220.3388,-1,0
weak,0.3,4.888,30,5.813064e-04,969.3496,-1,0
weak,0.3,4.888,32,5.813064e-04,769.9817,-1,0
weak,0.3,4.888,34,5.813064e-04,611.6182,-1,0
weak,0.3,4.888,36,5.813064e-04,485.8256,-1,0
weak,0.3,4.888,38,5.813064e-04,385.9050,-1,0
weak,0.3,4.888,40,5.813064e-04,306.5352,-1,0
weak,0.3,4.888,42,5.813064e-04,243.4896,-1,0
weak,0.3,4.888,44,5.813064e-04,193.4107,-1,0
weak,0.3,4.888,46,5.813064e-04,153.6316,-1,0
weak,0.3,4.888,48,5.813064e-04,122.0339,-1,0
weak,0.3,4.888,50,5.813064e-04,96.9350,-1,0
moderate,0.05,0.992,20,5.327031e-01,0.8363,10,1
moderate,0.05,0.992,22,5.327031e-01,0.6643,10,1
moderate,0.05,0.992,24,5.327031e-01,0.5276,10,1
moderate,0.05,0.992,26,5.327031e-01,0.4191,5,1
moderate,0.05,0.992,28,5.327031e-01,0.3329,5,1
moderate,0.05,0.992,30,5.327031e-01,0.2644,5,1
moderate,0.05,0.992,32,5.327031e-01,0.2101,5,1
moderate,0.05,0.992,34,5.327031e-01,0.1669,5,1
moderate,0.05,0.992,36,5.327031e-01,0.1325,5,1
moderate,0.05,0.992,38,5.327031e-01,0.1053,5,1
moderate,0.05,0.992,40,5.327031e-01,0.0836,5,1
moderate,0.05,0.992,42,5.327031e-01,0.0664,5,1
moderate,0.05,0.992,44,5.327031e-01,0.0528,5,1
moderate,0.05,0.992,46,5.327031e-01,0.0419,5,1
moderate,0.05,0.992,48,5.327031e-01,0.0333,5,1
moderate,0.05,0.992,50,5.327031e-01,0.0264,5,1
moderate,0.05,1.266,20,3.156681e-01,1.4112,10,1
moderate,0.05,1.266,22,3.156681e-01,1.1210,10,1
moderate,0.05,1.266,24,3.156681e-01,0.8904,10,1
moderate,0.05,1.266,26,3.156681e-01,0.7073,10,1
moderate,0.05,1.266,28,3.156681e-01,0.5618,10,1
moderate,0.05,1.266,30,3.156681e-01,0.4463,5,1
moderate,0.05,1.266,32,3.156681e-01,0.3545,5,1
moderate,0.05,1.266,34,3.156681e-01,0.2816,5,1
moderate,0.05,1.266,36,3.156681e-01,0.2237,5,1
moderate,0.05,1.266,38,3.156681e-01,0.1777,5,1
moderate,0.05,1.266,40,3.156681e-01,0.1411,5,1
moderate,0.05,1.266,42,3.156681e-01,0.1121,5,1
moderate,0.05,1.266,44,3.156681e-01,0.0890,5,1
moderate,0.05,1.266,46,3.156681e-01,0.0707,5,1
moderate,0.05,1.266,48,3.156681e-01,0.0562,5,1
moderate,0.05,1.266,50,3.156681e-01,0.0446,5,1
moderate,0.05,1.548,20,2.096053e-01,2.1253,20,1
moderate,0.05,1.548,22,2.096053e-01,1.6882,10,1
moderate,0.05,1.548,24,2.096053e-01,1.3410,10,1
moderate,0.05,1.548,26,2.096053e-01,1.0652,10,1
moderate,0.05,1.548,28,2.096053e-01,0.8461,10,1
moderate,0.05,1.548,30,2.096053e-01,0.6721,10,1
moderate,0.05,1.548,32,2.096053e-01,0.5339,10,1
moderate,0.05,1.548,34,2.096053e-01,0.4241,5,1
moderate,0.05,1.548,36,2.096053e-01,0.3368,5,1
moderate,0.05,1.548,38,2.096053e-01,0.2676,5,1
moderate,0.05,1.548,40,2.096053e-01,0.2125,5,1
moderate,0.05,1.548,42,2.096053e-01,0.1688,5,1
moderate,0.05,1.548,44,2.096053e-01,0.1341,5,1
moderate,0.05,1.548,46,2.096053e-01,0.1065,5,1
moderate,0.05,1.548,48,2.096053e-01,0.0846,5,1
moderate,0.05,1.548,50,2.096053e-01,0.0672,5,1
moderate,0.05,1.967,20,1.294337e-01,3.4417,20,1
moderate,0.05,1.967,22,1.294337e-01,2.7339,20,1
moderate,0.05,1.967,24,1.294337e-01,2.1716,20,1
moderate,0.05,1.967,26,1.294337e-01,1.7250,10,1
moderate,0.05,1.967,28,1.294337e-01,1.3702,10,1
moderate,0.05,1.967,30,1.294337e-01,1.0884,10,1
moderate,0.05,1.967,32,1.294337e-01,0.8645,10,1
moderate,0.05,1.967,34,1.294337e-01,0.6867,10,1
moderate,0.05,1.967,36,1.294337e-01,0.5455,10,1
moderate,0.05,1.967,38,1.294337e-01,0.4333,5,1
moderate,0.05,1.967,40,1.294337e-01,0.3442,5,1
moderate,0.05,1.967,42,1.294337e-01,0.2734,5,1
moderate,0.05,1.967,44,1.294337e-01,0.2172,5,1
moderate,0.05,1.967,46,1.294337e-01,0.1725,5,1
moderate,0.05,1.967,48,1.294337e-01,0.1370,5,1
moderate,0.05,1.967,50,1.294337e-01,0.1088,5,1
moderate,0.05,2.511,20,7.934519e-02,5.6144,20,1
moderate,0.05,2.511,22,7.934519e-02,4.4597,20,1
moderate,0.05,2.511,24,7.934519e-02,3.5425,20,1
moderate,0.05,2.511,26,7.934519e-02,2.8139,20,1
moderate,0.05,2.511,28,7.934519e-02,2.2351,20,1
moderate,0.05,2.511,30,7.934519e-02,1.7754,10,1
moderate,0.05,2.511,32,7.934519e-02,1.4103,10,1
moderate,0.05,2.511,34,7.934519e-02,1.1202,10,1
moderate,0.05,2.511,36,7.934519e-02,0.8898,10,1
moderate,0.05,2.511,38,7.934519e-02,0.7068,10,1
moderate,0.05,2.511,40,7.934519e-02,0.5614,10,1
moderate,0.05,2.511,42,7.934519e-02,0.4460,5,1
moderate,0.05,2.511,44,7.934519e-02,0.3542,5,1
moderate,0.05,2.511,46,7.934519e-02,0.2814,5,1
moderate,0.05,2.511,48,7.934519e-02,0.2235,5,1
moderate,0.05,2.511,50,7.934519e-02,0.1775,5,1
moderate,0.05,3.104,20,5.190725e-02,8.5822,-1,0
moderate,0.05,3.104,22,5.190725e-02,6.8171,20,1
moderate,0.05,3.104,24,5.190725e-02,5.4150,20,1
moderate,0.05,3.104,26,5.190725e-02,4.3013,20,1
moderate,0.05,3.104,28,5.190725e-02,3.4166,20,1
moderate,0.05,3.104,30,5.190725e-02,2.7139,20,1
moderate,0.05,3.104,32,5.190725e-02,2.1557,20,1
moderate,0.05,3.104,34,5.190725e-02,1.7124,10,1
moderate,0.05,3.104,36,5.190725e-02,1.3602,10,1
moderate,0.05,3.104,38,5.190725e-02,1.0804,10,1
moderate,0.05,3.104,40,5.190725e-02,0.8582,10,1
moderate,0.05,3.104,42,5.190725e-02,0.6817,10,1
moderate,0.05,3.104,44,5.190725e-02,0.5415,10,1
moderate,0.05,3.104,46,5.190725e-02,0.4301,5,1
moderate,0.05,3.104,48,5.190725e-02,0.3417,5,1
moderate,0.05,3.104,50,5.190725e-02,0.2714,5,1
moderate,0.05,3.912,20,3.267471e-02,13.6337,-1,0
moderate,0.05,3.912,22,3.267471e-02,10.8296,-1,0
moderate,0.05,3.912,24,3.267471e-02,8.6023,-1,0
moderate,0.05,3.912,26,3.267471e-02,6.8330,20,1
moderate,0.05,3.912,28,3.267471e-02,5.4277,20,1
moderate,0.05,3.912,30,3.267471e-02,4.3114,20,1
moderate,0.05,3.912,32,3.267471e-02,3.4246,20,1
moderate,0.05,3.912,34,3.267471e-02,2.7203,20,1
moderate,0.05,3.912,36,3.267471e-02,2.1608,20,1
moderate,0.05,3.912,38,3.267471e-02,1.7164,10,1
moderate,0.05,3.912,40,3.267471e-02,1.3634,10,1
moderate,0.05,3.912,42,3.267471e-02,1.0830,10,1
moderate,0.05,3.912,44,3.267471e-02,0.8602,10,1
moderate,0.05,3.912,46,3.267471e-02,0.6833,10,1
moderate,0.05,3.912,48,3.267471e-02,0.5428,10,1
moderate,0.05,3.912,50,3.267471e-02,0.4311,5,1
moderate,0.05,4.888,20,2.092780e-02,21.2864,-1,0
moderate,0.05,4.888,22,2.092780e-02,16.9084,-1,0
moderate,0.05,4.888,24,2.092780e-02,13.4308,-1,0
moderate,0.05,4.888,26,2.092780e-02,10.6685,-1,0
moderate,0.05,4.888,28,2.092780e-02,8.4743,-1,0
moderate,0.05,4.888,30,2.092780e-02,6.7313,20,1
moderate,0.05,4.888,32,2.092780e-02,5.3469,20,1
moderate,0.05,4.888,34,2.092780e-02,4.2472,20,1
moderate,0.05,4.888,36,2.092780e-02,3.3737,20,1
moderate,0.05,4.888,38,2.092780e-02,2.6798,20,1
moderate,0.05,4.888,40,2.092780e-02,2.1286,20,1
moderate,0.05,4.888,42,2.092780e-02,1.6908,10,1
moderate,0.05,4.888,44,2.092780e-02,1.3431,10,1
moderate,0.05,4.888,46,2.092780e-02,1.0668,10,1
moderate,0.05,4.888,48,2.092780e-02,0.8474,10,1
moderate,0.05,4.888,50,2.092780e-02,0.6731,10,1
moderate,0.1,0.5,20,5.228863e-01,0.8520,10,1
moderate,0.1,0.5,22,5.228863e-01,0.6767,10,1
moderate,0.1,0.5,24,5.228863e-01,0.5375,10,1
moderate,0.1,0.5,26,5.228863e-01,0.4270,5,1
moderate,0.1,0.5,28,5.228863e-01,0.3392,5,1
moderate,0.1,0.5,30,5.228863e-01,0.2694,5,1
moderate,0.1,0.5,32,5.228863e-01,0.2140,5,1
moderate,0.1,0.5,34,5.228863e-01,0.1700,5,1
moderate,0.1,0.5,36,5.228863e-01,0.1350,5,1
moderate,0.1,0.5,38,5.228863e-01,0.1073,5,1
moderate,0.1,0.5,40,5.228863e-01,0.0852,5,1
moderate,0.1,0.5,42,5.228863e-01,0.0677,5,1
moderate,0.1,0.5,44,5.228863e-01,0.0538,5,1
moderate,0.1,0.5,46,5.228863e-01,0.0427,5,1
moderate,0.1,0.5,48,5.228863e-01,0.0339,5,1
moderate,0.1,0.5,50,5.228863e-01,0.0269,5,1
moderate,0.1,0.628,20,3.208683e-01,1.3883,10,1
moderate,0.1,0.628,22,3.208683e-01,1.1028,10,1
moderate,0.1,0.628,24,3.208683e-01,0.8760,10,1
moderate,0.1,0.628,26,3.208683e-01,0.6958,10,1
moderate,0.1,0.628,28,3.208683e-01,0.5527,10,1
moderate,0.1,0.628,30,3.208683e-01,0.4390,5,1
moderate,0.1,0.628,32,3.208683e-01,0.3487,5,1
moderate,0.1,0.628,34,3.208683e-01,0.2770,5,1
moderate,0.1,0.628,36,3.208683e-01,0.2200,5,1
moderate,0.1,0.628,38,3.208683e-01,0.1748,5,1
moderate,0.1,0.628,40,3.208683e-01,0.1388,5,1
moderate,0.1,0.628,42,3.208683e-01,0.1103,5,1
moderate,0.1,0.628,44,3.208683e-01,0.0876,5,1
moderate,0.1,0.628,46,3.208683e-01,0.0696,5,1
moderate,0.1,0.628,48,3.208683e-01,0.0553,5,1
moderate,0.1,0.628,50,3.208683e-01,0.0439,5,1
moderate,0.1,0.789,20,2.016348e-01,2.2093,20,1
moderate,0.1,0.789,22,2.016348e-01,1.7549,10,1
moderate,0.1,0.789,24,2.016348e-01,1.3940,10,1
moderate,0.1,0.789,26,2.016348e-01,1.1073,10,1
moderate,0.1,0.789,28,2.016348e-01,0.8795,10,1
moderate,0.1,0.789,30,2.016348e-01,0.6987,10,1
moderate,0.1,0.789,32,2.016348e-01,0.5550,10,1
moderate,0.1,0.789,34,2.016348e-01,0.4408,5,1
moderate,0.1,0.789,36,2.016348e-01,0.3502,5,1
moderate,0.1,0.789,38,2.016348e-01,0.2781,5,1
moderate,0.1,0.789,40,2.016348e-01,0.2209,5,1
moderate,0.1,0.789,42,2.016348e-01,0.1755,5,1
moderate,0.1,0.789,44,2.016348e-01,0.1394,5,1
moderate,0.1,0.789,46,2.016348e-01,0.1107,5,1
moderate,0.1,0.789,48,2.016348e-01,0.0880,5,1
moderate,0.1,0.789,50,2.016348e-01,0.0699,5,1
moderate,0.1,0.992,20,1.272177e-01,3.5017,20,1
moderate,0.1,0.992,22,1.272177e-01,2.7815,20,1
moderate,0.1,0.992,24,1.272177e-01,2.2094,20,1
moderate,0.1,0.992,26,1.272177e-01,1.7550,10,1
moderate,0.1,0.992,28,1.272177e-01,1.3940,10,1
moderate,0.1,0.992,30,1.272177e-01,1.1073,10,1
moderate,0.1,0.992,32,1.272177e-01,0.8796,10,1
moderate,0.1,0.992,34,1.272177e-01,0.6987,10,1
moderate,0.1,0.992,36,1.272177e-01,0.5550,10,1
moderate,0.1,0.992,38,1.272177e-01,0.4408,5,1
moderate,0.1,0.992,40,1.272177e-01,0.3502,5,1
moderate,0.1,0.992,42,1.272177e-01,0.2781,5,1
moderate,0.1,0.992,44,1.272177e-01,0.2209,5,1
moderate,0.1,0.992,46,1.272177e-01,0.1755,5,1
moderate,0.1,0.992,48,1.272177e-01,0.1394,5,1
moderate,0.1,0.992,50,1.272177e-01,0.1107,5,1
moderate,0.1,1.266,20,7.803300e-02,5.7088,20,1
moderate,0.1,1.266,22,7.803300e-02,4.5347,20,1
moderate,0.1,1.266,24,7.803300e-02,3.6020,20,1
moderate,0.1,1.266,26,7.803300e-02,2.8612,20,1
moderate,0.1,1.266,28,7.803300e-02,2.2727,20,1
moderate,0.1,1.266,30,7.803300e-02,1.8053,10,1
moderate,0.1,1.266,32,7.803300e-02,1.4340,10,1
moderate,0.1,1.266,34,7.803300e-02,1.1391,10,1
moderate,0.1,1.266,36,7.803300e-02,0.9048,10,1
moderate,0.1,1.266,38,7.803300e-02,0.7187,10,1
moderate,0.1,1.266,40,7.803300e-02,0.5709,10,1
moderate,0.1,1.266,42,7.803300e-02,0.4535,5,1
moderate,0.1,1.266,44,7.803300e-02,0.3602,5,1
moderate,0.1,1.266,46,7.803300e-02,0.2861,5,1
moderate,0.1,1.266,48,7.803300e-02,0.2273,5,1
moderate,0.1,1.266,50,7.803300e-02,0.1805,5,1
moderate,0.1,1.548,20,5.217598e-02,8.5380,-1,0
moderate,0.1,1.548,22,5.217598e-02,6.7820,20,1
moderate,0.1,1.548,24,5.217598e-02,5.3871,20,1
moderate,0.1,1.548,26,5.217598e-02,4.2791,20,1
moderate,0.1,1.548,28,5.217598e-02,3.3990,20,1
moderate,0.1,1.548,30,5.217598e-02,2.6999,20,1
moderate,0.1,1.548,32,5.217598e-02,2.1446,20,1
moderate,0.1,1.548,34,5.217598e-02,1.7036,10,1
moderate,0.1,1.548,36,5.217598e-02,1.3532,10,1
moderate,0.1,1.548,38,5.217598e-02,1.0749,10,1
moderate,0.1,1.548,40,5.217598e-02,0.8538,10,1
moderate,0.1,1.548,42,5.217598e-02,0.6782,10,1
moderate,0.1,1.548,44,5.217598e-02,0.5387,10,1
moderate,0.1,1.548,46,5.217598e-02,0.4279,5,1
moderate,0.1,1.548,48,5.217598e-02,0.3399,5,1
moderate,0.1,1.548,50,5.217598e-02,0.2700,5,1
moderate,0.1,1.967,20,3.231021e-02,13.7875,-1,0
moderate,0.1,1.967,22,3.231021e-02,10.9518,-1,0
moderate,0.1,1.967,24,3.231021e-02,8.6993,-1,0
moderate,0.1,1.967,26,3.231021e-02,6.9101,20,1
moderate,0.1,1.967,28,3.231021e-02,5.4889,20,1
moderate,0.1,1.967,30,3.231021e-02,4.3600,20,1
moderate,0.1,1.967,32,3.231021e-02,3.4633,20,1
moderate,0.1,1.967,34,3.231021e-02,2.7510,20,1
moderate,0.1,1.967,36,3.231021e-02,2.1852,20,1
moderate,0.1,1.967,38,3.231021e-02,1.7357,10,1
moderate,0.1,1.967,40,3.231021e-02,1.3788,10,1
moderate,0.1,1.967,42,3.231021e-02,1.0952,10,1
moderate,0.1,1.967,44,3.231021e-02,0.8699,10,1
moderate,0.1,1.967,46,3.231021e-02,0.6910,10,1
moderate,0.1,1.967,48,3.231021e-02,0.5489,10,1
moderate,0.1,1.967,50,3.231021e-02,0.4360,5,1
moderate,0.1,2.511,20,1.982581e-02,22.4696,-1,0
moderate,0.1,2.511,22,1.982581e-02,17.8482,-1,0
moderate,0.1,2.511,24,1.982581e-02,14.1773,-1,0
moderate,0.1,2.511,26,1.982581e-02,11.2615,-1,0
moderate,0.1,2.511,28,1.982581e-02,8.9453,-1,0
moderate,0.1,2.511,30,1.982581e-02,7.1055,20,1
moderate,0.1,2.511,32,1.982581e-02,5.6441,20,1
moderate,0.1,2.511,34,1.982581e-02,4.4833,20,1
moderate,0.1,2.511,36,1.982581e-02,3.5612,20,1
moderate,0.1,2.511,38,1.982581e-02,2.8288,20,1
moderate,0.1,2.511,40,1.982581e-02,2.2470,20,1
moderate,0.1,2.511,42,1.982581e-02,1.7848,10,1
moderate,0.1,2.511,44,1.982581e-02,1.4177,10,1
moderate,0.1,2.511,46,1.982581e-02,1.1261,10,1
moderate,0.1,2.511,48,1.982581e-02,0.8945,10,1
moderate,0.1,2.511,50,1.982581e-02,0.7105,10,1
moderate,0.1,3.104,20,1.297396e-02,34.3363,-1,0
moderate,0.1,3.104,22,1.297396e-02,27.2743,-1,0
moderate,0.1,3.104,24,1.297396e-02,21.6647,-1,0
moderate,0.1,3.104,26,1.297396e-02,17.2089,-1,0
moderate,0.1,3.104,28,1.297396e-02,13.6695,-1,0
moderate,0.1,3.104,30,1.297396e-02,10.8581,-1,0
moderate,0.1,3.104,32,1.297396e-02,8.6249,-1,0
moderate,0.1,3.104,34,1.297396e-02,6.8510,20,1
moderate,0.1,3.104,36,1.297396e-02,5.4419,20,1
moderate,0.1,3.104,38,1.297396e-02,4.3227,20,1
moderate,0.1,3.104,40,1.297396e-02,3.4336,20,1
moderate,0.1,3.104,42,1.297396e-02,2.7274,20,1
moderate,0.1,3.104,44,1.297396e-02,2.1665,20,1
moderate,0.1,3.104,46,1.297396e-02,1.7209,10,1
moderate,0.1,3.104,48,1.297396e-02,1.3670,10,1
moderate,0.1,3.104,50,1.297396e-02,1.0858,10,1
moderate,0.1,3.912,20,8.167981e-03,54.5395,-1,0
moderate,0.1,3.912,22,8.167981e-03,43.3222,-1,0
moderate,0.1,3.912,24,8.167981e-03,34.4121,-1,0
moderate,0.1,3.912,26,8.167981e-03,27.3345,-1,0
moderate,0.1,3.912,28,8.167981e-03,21.7125,-1,0
moderate,0.1,3.912,30,8.167981e-03,17.2469,-1,0
moderate,0.1,3.912,32,8.167981e-03,13.6997,-1,0
moderate,0.1,3.912,34,8.167981e-03,10.8821,-1,0
moderate,0.1,3.912,36,8.167981e-03,8.6439,-1,0
moderate,0.1,3.912,38,8.167981e-03,6.8661,20,1
moderate,0.1,3.912,40,8.167981e-03,5.4539,20,1
moderate,0.1,3.912,42,8.167981e-03,4.3322,20,1
moderate,0.1,3.912,44,8.167981e-03,3.4412,20,1
moderate,0.1,3.912,46,8.167981e-03,2.7334,20,1
moderate,0.1,3.912,48,8.167981e-03,2.1713,20,1
moderate,0.1,3.912,50,8.167981e-03,1.7247,10,1
moderate,0.1,4.888,20,5.231769e-03,85.1485,-1,0
moderate,0.1,4.888,22,5.231769e-03,67.6358,-1,0
moderate,0.1,4.888,24,5.231769e-03,53.7251,-1,0
moderate,0.1,4.888,26,5.231769e-03,42.6753,-1,0
moderate,0.1,4.888,28,5.231769e-03,33.8982,-1,0
moderate,0.1,4.888,30,5.231769e-03,26.9263,-1,0
moderate,0.1,4.888,32,5.231769e-03,21.3883,-1,0
moderate,0.1,4.888,34,5.231769e-03,16.9894,-1,0
moderate,0.1,4.888,36,5.231769e-03,13.4951,-1,0
moderate,0.1,4.888,38,5.231769e-03,10.7196,-1,0
moderate,0.1,4.888,40,5.231769e-03,8.5148,-1,0
moderate,0.1,4.888,42,5.231769e-03,6.7636,20,1
moderate,0.1,4.888,44,5.231769e-03,5.3725,20,1
moderate,0.1,4.888,46,5.231769e-03,4.2675,20,1
moderate,0.1,4.888,48,5.231769e-03,3.3898,20,1
moderate,0.1,4.888,50,5.231769e-03,2.6926,20,1
moderate,0.2,0.5,20,1.251839e-01,3.5586,20,1
moderate,0.2,0.5,22,1.251839e-01,2.8267,20,1
moderate,0.2,0.5,24,1.251839e-01,2.2453,20,1
moderate,0.2,0.5,26,1.251839e-01,1.7835,10,1
moderate,0.2,0.5,28,1.251839e-01,1.4167,10,1
moderate,0.2,0.5,30,1.251839e-01,1.1253,10,1
moderate,0.2,0.5,32,1.251839e-01,0.8939,10,1
moderate,0.2,0.5,34,1.251839e-01,0.7100,10,1
moderate,0.2,0.5,36,1.251839e-01,0.5640,10,1
moderate,0.2,0.5,38,1.251839e-01,0.4480,5,1
moderate,0.2,0.5,40,1.251839e-01,0.3559,5,1
moderate,0.2,0.5,42,1.251839e-01,0.2827,5,1
moderate,0.2,0.5,44,1.251839e-01,0.2245,5,1
moderate,0.2,0.5,46,1.251839e-01,0.1784,5,1
moderate,0.2,0.5,48,1.251839e-01,0.1417,5,1
moderate,0.2,0.5,50,1.251839e-01,0.1125,5,1
moderate,0.2,0.628,20,7.928196e-02,5.6189,20,1
moderate,0.2,0.628,22,7.928196e-02,4.4632,20,1
moderate,0.2,0.628,24,7.928196e-02,3.5453,20,1
moderate,0.2,0.628,26,7.928196e-02,2.8161,20,1
moderate,0.2,0.628,28,7.928196e-02,2.2369,20,1
moderate,0.2,0.628,30,7.928196e-02,1.7769,10,1
moderate,0.2,0.628,32,7.928196e-02,1.4114,10,1
moderate,0.2,0.628,34,7.928196e-02,1.1211,10,1
moderate,0.2,0.628,36,7.928196e-02,0.8905,10,1
moderate,0.2,0.628,38,7.928196e-02,0.7074,10,1
moderate,0.2,0.628,40,7.928196e-02,0.5619,10,1
moderate,0.2,0.628,42,7.928196e-02,0.4463,5,1
moderate,0.2,0.628,44,7.928196e-02,0.3545,5,1
moderate,0.2,0.628,46,7.928196e-02,0.2816,5,1
moderate,0.2,0.628,48,7.928196e-02,0.2237,5,1
moderate,0.2,0.628,50,7.928196e-02,0.1777,5,1
moderate,0.2,0.789,20,5.021007e-02,8.8723,-1,0
moderate,0.2,0.789,22,5.021007e-02,7.0475,20,1
moderate,0.2,0.789,24,5.021007e-02,5.5980,20,1
moderate,0.2,0.789,26,5.021007e-02,4.4467,20,1
moderate,0.2,0.789,28,5.021007e-02,3.5321,20,1
moderate,0.2,0.789,30,5.021007e-02,2.8057,20,1
moderate,0.2,0.789,32,5.021007e-02,2.2286,20,1
moderate,0.2,0.789,34,5.021007e-02,1.7703,10,1
moderate,0.2,0.789,36,5.021007e-02,1.4062,10,1
moderate,0.2,0.789,38,5.021007e-02,1.1170,10,1
moderate,0.2,0.789,40,5.021007e-02,0.8872,10,1
moderate,0.2,0.789,42,5.021007e-02,0.7047,10,1
moderate,0.2,0.789,44,5.021007e-02,0.5598,10,1
moderate,0.2,0.789,46,5.021007e-02,0.4447,5,1
moderate,0.2,0.789,48,5.021007e-02,0.3532,5,1
moderate,0.2,0.789,50,5.021007e-02,0.2806,5,1
moderate,0.2,0.992,20,3.175879e-02,14.0269,-1,0
moderate,0.2,0.992,22,3.175879e-02,11.1420,-1,0
moderate,0.2,0.992,24,3.175879e-02,8.8504,-1,0
moderate,0.2,0.992,26,3.175879e-02,7.0301,20,1
moderate,0.2,0.992,28,3.175879e-02,5.5842,20,1
moderate,0.2,0.992,30,3.175879e-02,4.4357,20,1
moderate,0.2,0.992,32,3.175879e-02,3.5234,20,1
moderate,0.2,0.992,34,3.175879e-02,2.7987,20,1
moderate,0.2,0.992,36,3.175879e-02,2.2231,20,1
moderate,0.2,0.992,38,3.175879e-02,1.7659,10,1
moderate,0.2,0.992,40,3.175879e-02,1.4027,10,1
moderate,0.2,0.992,42,3.175879e-02,1.1142,10,1
moderate,0.2,0.992,44,3.175879e-02,0.8850,10,1
moderate,0.2,0.992,46,3.175879e-02,0.7030,10,1
moderate,0.2,0.992,48,3.175879e-02,0.5584,10,1
moderate,0.2,0.992,50,3.175879e-02,0.4436,5,1
moderate,0.2,1.266,20,1.949829e-02,22.8470,-1,0
moderate,0.2,1.266,22,1.949829e-02,18.1480,-1,0
moderate,0.2,1.266,24,1.949829e-02,14.4155,-1,0
moderate,0.2,1.266,26,1.949829e-02,11.4506,-1,0
moderate,0.2,1.266,28,1.949829e-02,9.0956,-1,0
moderate,0.2,1.266,30,1.949829e-02,7.2249,20,1
moderate,0.2,1.266,32,1.949829e-02,5.7389,20,1
moderate,0.2,1.266,34,1.949829e-02,4.5586,20,1
moderate,0.2,1.266,36,1.949829e-02,3.6210,20,1
moderate,0.2,1.266,38,1.949829e-02,2.8763,20,1
moderate,0.2,1.266,40,1.949829e-02,2.2847,20,1
moderate,0.2,1.266,42,1.949829e-02,1.8148,10,1
moderate,0.2,1.266,44,1.949829e-02,1.4415,10,1
moderate,0.2,1.266,46,1.949829e-02,1.1451,10,1
moderate,0.2,1.266,48,1.949829e-02,0.9096,10,1
moderate,0.2,1.266,50,1.949829e-02,0.7225,10,1
moderate,0.2,1.548,20,1.304110e-02,34.1595,-1,0
moderate,0.2,1.548,22,1.304110e-02,27.1338,-1,0
moderate,0.2,1.548,24,1.304110e-02,21.5532,-1,0
moderate,0.2,1.548,26,1.304110e-02,17.1203,-1,0
moderate,0.2,1.548,28,1.304110e-02,13.5991,-1,0
moderate,0.2,1.548,30,1.304110e-02,10.8022,-1,0
moderate,0.2,1.548,32,1.304110e-02,8.5805,-1,0
moderate,0.2,1.548,34,1.304110e-02,6.8157,20,1
moderate,0.2,1.548,36,1.304110e-02,5.4139,20,1
moderate,0.2,1.548,38,1.304110e-02,4.3004,20,1
moderate,0.2,1.548,40,1.304110e-02,3.4159,20,1
moderate,0.2,1.548,42,1.304110e-02,2.7134,20,1
moderate,0.2,1.548,44,1.304110e-02,2.1553,20,1
moderate,0.2,1.548,46,1.304110e-02,1.7120,10,1
moderate,0.2,1.548,48,1.304110e-02,1.3599,10,1
moderate,0.2,1.548,50,1.304110e-02,1.0802,10,1
moderate,0.2,1.967,20,8.076880e-03,55.1546,-1,0
moderate,0.2,1.967,22,8.076880e-03,43.8109,-1,0
moderate,0.2,1.967,24,8.076880e-03,34.8002,-1,0
moderate,0.2,1.967,26,8.076880e-03,27.6428,-1,0
moderate,0.2,1.967,28,8.076880e-03,21.9574,-1,0
moderate,0.2,1.967,30,8.076880e-03,17.4414,-1,0
moderate,0.2,1.967,32,8.076880e-03,13.8542,-1,0
moderate,0.2,1.967,34,8.076880e-03,11.0048,-1,0
moderate,0.2,1.967,36,8.076880e-03,8.7414,-1,0
moderate,0.2,1.967,38,8.076880e-03,6.9436,20,1
moderate,0.2,1.967,40,8.076880e-03,5.5155,20,1
moderate,0.2,1.967,42,8.076880e-03,4.3811,20,1
moderate,0.2,1.967,44,8.076880e-03,3.4800,20,1
moderate,0.2,1.967,46,8.076880e-03,2.7643,20,1
moderate,0.2,1.967,48,8.076880e-03,2.1957,20,1
moderate,0.2,1.967,50,8.076880e-03,1.7441,10,1
moderate,0.2,2.511,20,4.956299e-03,89.8810,-1,0
moderate,0.2,2.511,22,4.956299e-03,71.3950,-1,0
moderate,0.2,2.511,24,4.956299e-03,56.7111,-1,0
moderate,0.2,2.511,26,4.956299e-03,45.0472,-1,0
moderate,0.2,2.511,28,4.956299e-03,35.7823,-1,0
moderate,0.2,2.511,30,4.956299e-03,28.4229,-1,0
moderate,0.2,2.511,32,4.956299e-03,22.5771,-1,0
moderate,0.2,2.511,34,4.956299e-03,17.9336,-1,0
moderate,0.2,2.511,36,4.956299e-03,14.2452,-1,0
moderate,0.2,2.511,38,4.956299e-03,11.3154,-1,0
moderate,0.2,2.511,40,4.956299e-03,8.9881,-1,0
moderate,0.2,2.511,42,4.956299e-03,7.1395,20,1
moderate,0.2,2.511,44,4.956299e-03,5.6711,20,1
moderate,0.2,2.511,46,4.956299e-03,4.5047,20,1
moderate,0.2,2.511,48,4.956299e-03,3.5782,20,1
moderate,0.2,2.511,50,4.956299e-03,2.8423,20,1
moderate,0.2,3.104,20,3.243448e-03,137.3468,-1,0
moderate,0.2,3.104,22,3.243448e-03,109.0984,-1,0
moderate,0.2,3.104,24,3.243448e-03,86.6600,-1,0
moderate,0.2,3.104,26,3.243448e-03,68.8365,-1,0
moderate,0.2,3.104,28,3.243448e-03,54.6788,-1,0
moderate,0.2,3.104,30,3.243448e-03,43.4329,-1,0
moderate,0.2,3.104,32,3.243448e-03,34.5000,-1,0
moderate,0.2,3.104,34,3.243448e-03,27.4043,-1,0
moderate,0.2,3.104,36,3.243448e-03,21.7680,-1,0
moderate,0.2,3.104,38,3.243448e-03,17.2909,-1,0
moderate,0.2,3.104,40,3.243448e-03,13.7347,-1,0
moderate,0.2,3.104,42,3.243448e-03,10.9098,-1,0
moderate,0.2,3.104,44,3.243448e-03,8.6660,-1,0
moderate,0.2,3.104,46,3.243448e-03,6.8836,20,1
moderate,0.2,3.104,48,3.243448e-03,5.4679,20,1
moderate,0.2,3.104,50,3.243448e-03,4.3433,20,1
moderate,0.2,3.912,20,2.041985e-03,218.1590,-1,0
moderate,0.2,3.912,22,2.041985e-03,173.2898,-1,0
moderate,0.2,3.912,24,2.041985e-03,137.6490,-1,0
moderate,0.2,3.912,26,2.041985e-03,109.3385,-1,0
moderate,0.2,3.912,28,2.041985e-03,86.8506,-1,0
moderate,0.2,3.912,30,2.041985e-03,68.9879,-1,0
moderate,0.2,3.912,32,2.041985e-03,54.7991,-1,0
moderate,0.2,3.912,34,2.041985e-03,43.5284,-1,0
moderate,0.2,3.912,36,2.041985e-03,34.5759,-1,0
moderate,0.2,3.912,38,2.041985e-03,27.4646,-1,0
moderate,0.2,3.912,40,2.041985e-03,21.8159,-1,0
moderate,0.2,3.912,42,2.041985e-03,17.3290,-1,0
moderate,0.2,3.912,44,2.041985e-03,13.7649,-1,0
moderate,0.2,3.912,46,2.041985e-03,10.9338,-1,0
moderate,0.2,3.912,48,2.041985e-03,8.6851,-1,0
moderate,0.2,3.912,50,2.041985e-03,6.8988,20,1
moderate,0.2,4.888,20,1.307940e-03,340.5947,-1,0
moderate,0.2,4.888,22,1.307940e-03,270.5440,-1,0
moderate,0.2,4.888,24,1.307940e-03,214.9007,-1,0
moderate,0.2,4.888,26,1.307940e-03,170.7017,-1,0
moderate,0.2,4.888,28,1.307940e-03,135.5932,-1,0
moderate,0.2,4.888,30,1.307940e-03,107.7055,-1,0
moderate,0.2,4.888,32,1.307940e-03,85.5535,-1,0
moderate,0.2,4.888,34,1.307940e-03,67.9576,-1,0
moderate,0.2,4.888,36,1.307940e-03,53.9806,-1,0
moderate,0.2,4.888,38,1.307940e-03,42.8783,-1,0
moderate,0.2,4.888,40,1.307940e-03,34.0595,-1,0
moderate,0.2,4.888,42,1.307940e-03,27.0544,-1,0
moderate,0.2,4.888,44,1.307940e-03,21.4901,-1,0
moderate,0.2,4.888,46,1.307940e-03,17.0702,-1,0
moderate,0.2,4.888,48,1.307940e-03,13.5593,-1,0
moderate,0.2,4.888,50,1.307940e-03,10.7705,-1,0
moderate,0.3,0.5,20,5.557049e-02,8.0164,-1,0
moderate,0.3,0.5,22,5.557049e-02,6.3677,20,1
moderate,0.3,0.5,24,5.557049e-02,5.0580,20,1
moderate,0.3,0.5,26,5.557049e-02,4.0177,20,1
moderate,0.3,0.5,28,5.557049e-02,3.1914,20,1
moderate,0.3,0.5,30,5.557049e-02,2.5350,20,1
moderate,0.3,0.5,32,5.557049e-02,2.0136,20,1
moderate,0.3,0.5,34,5.557049e-02,1.5995,10,1
moderate,0.3,0.5,36,5.557049e-02,1.2705,10,1
moderate,0.3,0.5,38,5.557049e-02,1.0092,10,1
moderate,0.3,0.5,40,5.557049e-02,0.8016,10,1
moderate,0.3,0.5,42,5.557049e-02,0.6368,10,1
moderate,0.3,0.5,44,5.557049e-02,0.5058,10,1
moderate,0.3,0.5,46,5.557049e-02,0.4018,5,1
moderate,0.3,0.5,48,5.557049e-02,0.3191,5,1
moderate,0.3,0.5,50,5.557049e-02,0.2535,5,1
moderate,0.3,0.628,20,3.522039e-02,12.6483,-1,0
moderate,0.3,0.628,22,3.522039e-02,10.0469,-1,0
moderate,0.3,0.628,24,3.522039e-02,7.9805,20,1
moderate,0.3,0.628,26,3.522039e-02,6.3392,20,1
moderate,0.3,0.628,28,3.522039e-02,5.0354,20,1
moderate,0.3,0.628,30,3.522039e-02,3.9997,20,1
moderate,0.3,0.628,32,3.522039e-02,3.1771,20,1
moderate,0.3,0.628,34,3.522039e-02,2.5237,20,1
moderate,0.3,0.628,36,3.522039e-02,2.0046,20,1
moderate,0.3,0.628,38,3.522039e-02,1.5923,10,1
moderate,0.3,0.628,40,3.522039e-02,1.2648,10,1
moderate,0.3,0.628,42,3.522039e-02,1.0047,10,1
moderate,0.3,0.628,44,3.522039e-02,0.7981,10,1
moderate,0.3,0.628,46,3.522039e-02,0.6339,10,1
moderate,0.3,0.628,48,3.522039e-02,0.5035,10,1
moderate,0.3,0.628,50,3.522039e-02,0.4000,5,1
moderate,0.3,0.789,20,2.231165e-02,19.9661,-1,0
moderate,0.3,0.789,22,2.231165e-02,15.8597,-1,0
moderate,0.3,0.789,24,2.231165e-02,12.5978,-1,0
moderate,0.3,0.789,26,2.231165e-02,10.0068,-1,0
moderate,0.3,0.789,28,2.231165e-02,7.9487,20,1
moderate,0.3,0.789,30,2.231165e-02,6.3138,20,1
moderate,0.3,0.789,32,2.231165e-02,5.0153,20,1
moderate,0.3,0.789,34,2.231165e-02,3.9838,20,1
moderate,0.3,0.789,36,2.231165e-02,3.1644,20,1
moderate,0.3,0.789,38,2.231165e-02,2.5136,20,1
moderate,0.3,0.789,40,2.231165e-02,1.9966,10,1
moderate,0.3,0.789,42,2.231165e-02,1.5860,10,1
moderate,0.3,0.789,44,2.231165e-02,1.2598,10,1
moderate,0.3,0.789,46,2.231165e-02,1.0007,10,1
moderate,0.3,0.789,48,2.231165e-02,0.7949,10,1
moderate,0.3,0.789,50,2.231165e-02,0.6314,10,1
moderate,0.3,0.992,20,1.411404e-02,31.5627,-1,0
moderate,0.3,0.992,22,1.411404e-02,25.0711,-1,0
moderate,0.3,0.992,24,1.411404e-02,19.9147,-1,0
moderate,0.3,0.992,26,1.411404e-02,15.8188,-1,0
moderate,0.3,0.992,28,1.411404e-02,12.5653,-1,0
moderate,0.3,0.992,30,1.411404e-02,9.9810,-1,0
moderate,0.3,0.992,32,1.411404e-02,7.9282,20,1
moderate,0.3,0.992,34,1.411404e-02,6.2976,20,1
moderate,0.3,0.992,36,1.411404e-02,5.0024,20,1
moderate,0.3,0.992,38,1.411404e-02,3.9735,20,1
moderate,0.3,0.992,40,1.411404e-02,3.1563,20,1
moderate,0.3,0.992,42,1.411404e-02,2.5071,20,1
moderate,0.3,0.992,44,1.411404e-02,1.9915,10,1
moderate,0.3,0.992,46,1.411404e-02,1.5819,10,1
moderate,0.3,0.992,48,1.411404e-02,1.2565,10,1
moderate,0.3,0.992,50,1.411404e-02,0.9981,10,1
moderate,0.3,1.266,20,8.665683e-03,51.4071,-1,0
moderate,0.3,1.266,22,8.665683e-03,40.8341,-1,0
moderate,0.3,1.266,24,8.665683e-03,32.4357,-1,0
moderate,0.3,1.266,26,8.665683e-03,25.7646,-1,0
moderate,0.3,1.266,28,8.665683e-03,20.4655,-1,0
moderate,0.3,1.266,30,8.665683e-03,16.2563,-1,0
moderate,0.3,1.266,32,8.665683e-03,12.9129,-1,0
moderate,0.3,1.266,34,8.665683e-03,10.2571,-1,0
moderate,0.3,1.266,36,8.665683e-03,8.1475,-1,0
moderate,0.3,1.266,38,8.665683e-03,6.4718,20,1
moderate,0.3,1.266,40,8.665683e-03,5.1407,20,1
moderate,0.3,1.266,42,8.665683e-03,4.0834,20,1
moderate,0.3,1.266,44,8.665683e-03,3.2436,20,1
moderate,0.3,1.266,46,8.665683e-03,2.5765,20,1
moderate,0.3,1.266,48,8.665683e-03,2.0466,20,1
moderate,0.3,1.266,50,8.665683e-03,1.6256,10,1
moderate,0.3,1.548,20,5.795979e-03,76.8597,-1,0
moderate,0.3,1.548,22,5.795979e-03,61.0518,-1,0
moderate,0.3,1.548,24,5.795979e-03,48.4952,-1,0
moderate,0.3,1.548,26,5.795979e-03,38.5211,-1,0
moderate,0.3,1.548,28,5.795979e-03,30.5984,-1,0
moderate,0.3,1.548,30,5.795979e-03,24.3052,-1,0
moderate,0.3,1.548,32,5.795979e-03,19.3063,-1,0
moderate,0.3,1.548,34,5.795979e-03,15.3355,-1,0
moderate,0.3,1.548,36,5.795979e-03,12.1814,-1,0
moderate,0.3,1.548,38,5.795979e-03,9.6761,-1,0
moderate,0.3,1.548,40,5.795979e-03,7.6860,20,1
moderate,0.3,1.548,42,5.795979e-03,6.1052,20,1
moderate,0.3,1.548,44,5.795979e-03,4.8495,20,1
moderate,0.3,1.548,46,5.795979e-03,3.8521,20,1
moderate,0.3,1.548,48,5.795979e-03,3.0598,20,1
moderate,0.3,1.548,50,5.795979e-03,2.4305,20,1
moderate,0.3,1.967,20,3.589709e-03,124.0984,-1,0
moderate,0.3,1.967,22,3.589709e-03,98.5749,-1,0
moderate,0.3,1.967,24,3.589709e-03,78.3008,-1,0
moderate,0.3,1.967,26,3.589709e-03,62.1966,-1,0
moderate,0.3,1.967,28,3.589709e-03,49.4045,-1,0
moderate,0.3,1.967,30,3.589709e-03,39.2434,-1,0
moderate,0.3,1.967,32,3.589709e-03,31.1721,-1,0
moderate,0.3,1.967,34,3.589709e-03,24.7609,-1,0
moderate,0.3,1.967,36,3.589709e-03,19.6683,-1,0
moderate,0.3,1.967,38,3.589709e-03,15.6231,-1,0
moderate,0.3,1.967,40,3.589709e-03,12.4098,-1,0
moderate,0.3,1.967,42,3.589709e-03,9.8575,-1,0
moderate,0.3,1.967,44,3.589709e-03,7.8301,20,1
moderate,0.3,1.967,46,3.589709e-03,6.2197,20,1
moderate,0.3,1.967,48,3.589709e-03,4.9404,20,1
moderate,0.3,1.967,50,3.589709e-03,3.9243,20,1
moderate,0.3,2.511,20,2.202796e-03,202.2327,-1,0
moderate,0.3,2.511,22,2.202796e-03,160.6391,-1,0
moderate,0.3,2.511,24,2.202796e-03,127.6002,-1,0
moderate,0.3,2.511,26,2.202796e-03,101.3564,-1,0
moderate,0.3,2.511,28,2.202796e-03,80.5103,-1,0
moderate,0.3,2.511,30,2.202796e-03,63.9516,-1,0
moderate,0.3,2.511,32,2.202796e-03,50.7985,-1,0
moderate,0.3,2.511,34,2.202796e-03,40.3507,-1,0
moderate,0.3,2.511,36,2.202796e-03,32.0517,-1,0
moderate,0.3,2.511,38,2.202796e-03,25.4596,-1,0
moderate,0.3,2.511,40,2.202796e-03,20.2233,-1,0
moderate,0.3,2.511,42,2.202796e-03,16.0639,-1,0
moderate,0.3,2.511,44,2.202796e-03,12.7600,-1,0
moderate,0.3,2.511,46,2.202796e-03,10.1356,-1,0
moderate,0.3,2.511,48,2.202796e-03,8.0510,-1,0
moderate,0.3,2.511,50,2.202796e-03,6.3952,20,1
moderate,0.3,3.104,20,1.441532e-03,309.0305,-1,0
moderate,0.3,3.104,22,1.441532e-03,245.4717,-1,0
moderate,0.3,3.104,24,1.441532e-03,194.9851,-1,0
moderate,0.3,3.104,26,1.441532e-03,154.8822,-1,0
moderate,0.3,3.104,28,1.441532e-03,123.0273,-1,0
moderate,0.3,3.104,30,1.441532e-03,97.7240,-1,0
moderate,0.3,3.104,32,1.441532e-03,77.6250,-1,0
moderate,0.3,3.104,34,1.441532e-03,61.6597,-1,0
moderate,0.3,3.104,36,1.441532e-03,48.9780,-1,0
moderate,0.3,3.104,38,1.441532e-03,38.9046,-1,0
moderate,0.3,3.104,40,1.441532e-03,30.9031,-1,0
moderate,0.3,3.104,42,1.441532e-03,24.5472,-1,0
moderate,0.3,3.104,44,1.441532e-03,19.4985,-1,0
moderate,0.3,3.104,46,1.441532e-03,15.4882,-1,0
moderate,0.3,3.104,48,1.441532e-03,12.3027,-1,0
moderate,0.3,3.104,50,1.441532e-03,9.7724,-1,0
moderate,0.3,3.912,20,9.075485e-04,490.8578,-1,0
moderate,0.3,3.912,22,9.075485e-04,389.9022,-1,0
moderate,0.3,3.912,24,9.075485e-04,309.7103,-1,0
moderate,0.3,3.912,26,9.075485e-04,246.0117,-1,0
moderate,0.3,3.912,28,9.075485e-04,195.4140,-1,0
moderate,0.3,3.912,30,9.075485e-04,155.2229,-1,0
moderate,0.3,3.912,32,9.075485e-04,123.2979,-1,0
moderate,0.3,3.912,34,9.075485e-04,97.9390,-1,0
moderate,0.3,3.912,36,9.075485e-04,77.7957,-1,0
moderate,0.3,3.912,38,9.075485e-04,61.7953,-1,0
moderate,0.3,3.912,40,9.075485e-04,49.0858,-1,0
moderate,0.3,3.912,42,9.075485e-04,38.9902,-1,0
moderate,0.3,3.912,44,9.075485e-04,30.9710,-1,0
moderate,0.3,3.912,46,9.075485e-04,24.6012,-1,0
moderate,0.3,3.912,48,9.075485e-04,19.5414,-1,0
moderate,0.3,3.912,50,9.075485e-04,15.5223,-1,0
moderate,0.3,4.888,20,5.813064e-04,766.3381,-1,0
moderate,0.3,4.888,22,5.813064e-04,608.7240,-1,0
moderate,0.3,4.888,24,5.813064e-04,483.5267,-1,0
moderate,0.3,4.888,26,5.813064e-04,384.0789,-1,0
moderate,0.3,4.888,28,5.813064e-04,305.0847,-1,0
moderate,0.3,4.888,30,5.813064e-04,242.3374,-1,0
moderate,0.3,4.888,32,5.813064e-04,192.4954,-1,0
moderate,0.3,4.888,34,5.813064e-04,152.9046,-1,0
moderate,0.3,4.888,36,5.813064e-04,121.4564,-1,0
moderate,0.3,4.888,38,5.813064e-04,96.4763,-1,0
moderate,0.3,4.888,40,5.813064e-04,76.6338,-1,0
moderate,0.3,4.888,42,5.813064e-04,60.8724,-1,0
moderate,0.3,4.888,44,5.813064e-04,48.3527,-1,0
moderate,0.3,4.888,46,5.813064e-04,38.4079,-1,0
moderate,0.3,4.888,48,5.813064e-04,30.5085,-1,0
moderate,0.3,4.888,50,5.813064e-04,24.2337,-1,0
strong,0.05,0.992,20,5.327031e-01,0.3504,5,1
strong,0.05,0.992,22,5.327031e-01,0.2784,5,1
strong,0.05,0.992,24,5.327031e-01,0.2211,5,1
strong,0.05,0.992,26,5.327031e-01,0.1756,5,1
strong,0.05,0.992,28,5.327031e-01,0.1395,5,1
strong,0.05,0.992,30,5.327031e-01,0.1108,5,1
strong,0.05,0.992,32,5.327031e-01,0.0880,5,1
strong,0.05,0.992,34,5.327031e-01,0.0699,5,1
strong,0.05,0.992,36,5.327031e-01,0.0555,5,1
strong,0.05,0.992,38,5.327031e-01,0.0441,5,1
strong,0.05,0.992,40,5.327031e-01,0.0350,5,1
strong,0.05,0.992,42,5.327031e-01,0.0278,5,1
strong,0.05,0.992,44,5.327031e-01,0.0221,5,1
strong,0.05,0.992,46,5.327031e-01,0.0176,5,1
strong,0.05,0.992,48,5.327031e-01,0.0140,5,1
strong,0.05,0.992,50,5.327031e-01,0.0111,5,1
strong,0.05,1.266,20,3.156681e-01,0.5914,10,1
strong,0.05,1.266,22,3.156681e-01,0.4697,5,1
strong,0.05,1.266,24,3.156681e-01,0.3731,5,1
strong,0.05,1.266,26,3.156681e-01,0.2964,5,1
strong,0.05,1.266,28,3.156681e-01,0.2354,5,1
strong,0.05,1.266,30,3.156681e-01,0.1870,5,1
strong,0.05,1.266,32,3.156681e-01,0.1485,5,1
strong,0.05,1.266,34,3.156681e-01,0.1180,5,1
strong,0.05,1.266,36,3.156681e-01,0.0937,5,1
strong,0.05,1.266,38,3.156681e-01,0.0744,5,1
strong,0.05,1.266,40,3.156681e-01,0.0591,5,1
strong,0.05,1.266,42,3.156681e-01,0.0470,5,1
strong,0.05,1.266,44,3.156681e-01,0.0373,5,1
strong,0.05,1.266,46,3.156681e-01,0.0296,5,1
strong,0.05,1.266,48,3.156681e-01,0.0235,5,1
strong,0.05,1.266,50,3.156681e-01,0.0187,5,1
strong,0.05,1.548,20,2.096053e-01,0.8906,10,1
strong,0.05,1.548,22,2.096053e-01,0.7074,10,1
strong,0.05,1.548,24,2.096053e-01,0.5619,10,1
strong,0.05,1.548,26,2.096053e-01,0.4464,5,1
strong,0.05,1.548,28,2.096053e-01,0.3546,5,1
strong,0.05,1.548,30,2.096053e-01,0.2816,5,1
strong,0.05,1.548,32,2.096053e-01,0.2237,5,1
strong,0.05,1.548,34,2.096053e-01,0.1777,5,1
strong,0.05,1.548,36,2.096053e-01,0.1412,5,1
strong,0.05,1.548,38,2.096053e-01,0.1121,5,1
strong,0.05,1.548,40,2.096053e-01,0.0891,5,1
strong,0.05,1.548,42,2.096053e-01,0.0707,5,1
strong,0.05,1.548,44,2.096053e-01,0.0562,5,1
strong,0.05,1.548,46,2.096053e-01,0.0446,5,1
strong,0.05,1.548,48,2.096053e-01,0.0355,5,1
strong,0.05,1.548,50,2.096053e-01,0.0282,5,1
strong,0.05,1.967,20,1.294337e-01,1.4423,10,1
strong,0.05,1.967,22,1.294337e-01,1.1456,10,1
strong,0.05,1.967,24,1.294337e-01,0.9100,10,1
strong,0.05,1.967,26,1.294337e-01,0.7228,10,1
strong,0.05,1.967,28,1.294337e-01,0.5742,10,1
strong,0.05,1.967,30,1.294337e-01,0.4561,5,1
strong,0.05,1.967,32,1.294337e-01,0.3623,5,1
strong,0.05,1.967,34,1.294337e-01,0.2878,5,1
strong,0.05,1.967,36,1.294337e-01,0.2286,5,1
strong,0.05,1.967,38,1.294337e-01,0.1816,5,1
strong,0.05,1.967,40,1.294337e-01,0.1442,5,1
strong,0.05,1.967,42,1.294337e-01,0.1146,5,1
strong,0.05,1.967,44,1.294337e-01,0.0910,5,1
strong,0.05,1.967,46,1.294337e-01,0.0723,5,1
strong,0.05,1.967,48,1.294337e-01,0.0574,5,1
strong,0.05,1.967,50,1.294337e-01,0.0456,5,1
strong,0.05,2.511,20,7.934519e-02,2.3527,20,1
strong,0.05,2.511,22,7.934519e-02,1.8688,10,1
strong,0.05,2.511,24,7.934519e-02,1.4845,10,1
strong,0.05,2.511,26,7.934519e-02,1.1791,10,1
strong,0.05,2.511,28,7.934519e-02,0.9366,10,1
strong,0.05,2.511,30,7.934519e-02,0.7440,10,1
strong,0.05,2.511,32,7.934519e-02,0.5910,10,1
strong,0.05,2.511,34,7.934519e-02,0.4694,5,1
strong,0.05,2.511,36,7.934519e-02,0.3729,5,1
strong,0.05,2.511,38,7.934519e-02,0.2962,5,1
strong,0.05,2.511,40,7.934519e-02,0.2353,5,1
strong,0.05,2.511,42,7.934519e-02,0.1869,5,1
strong,0.05,2.511,44,7.934519e-02,0.1484,5,1
strong,0.05,2.511,46,7.934519e-02,0.1179,5,1
strong,0.05,2.511,48,7.934519e-02,0.0937,5,1
strong,0.05,2.511,50,7.934519e-02,0.0744,5,1
strong,0.05,3.104,20,5.190725e-02,3.5963,20,1
strong,0.05,3.104,22,5.190725e-02,2.8567,20,1
strong,0.05,3.104,24,5.190725e-02,2.2691,20,1
strong,0.05,3.104,26,5.190725e-02,1.8024,10,1
strong,0.05,3.104,28,5.190725e-02,1.4317,10,1
strong,0.05,3.104,30,5.190725e-02,1.1373,10,1
strong,0.05,3.104,32,5.190725e-02,0.9034,10,1
strong,0.05,3.104,34,5.190725e-02,0.7176,10,1
strong,0.05,3.104,36,5.190725e-02,0.5700,10,1
strong,0.05,3.104,38,5.190725e-02,0.4528,5,1
strong,0.05,3.104,40,5.190725e-02,0.3596,5,1
strong,0.05,3.104,42,5.190725e-02,0.2857,5,1
strong,0.05,3.104,44,5.190725e-02,0.2269,5,1
strong,0.05,3.104,46,5.190725e-02,0.1802,5,1
strong,0.05,3.104,48,5.190725e-02,0.1432,5,1
strong,0.05,3.104,50,5.190725e-02,0.1137,5,1
strong,0.05,3.912,20,3.267471e-02,5.7132,20,1
strong,0.05,3.912,22,3.267471e-02,4.5381,20,1
strong,0.05,3.912,24,3.267471e-02,3.6048,20,1
strong,0.05,3.912,26,3.267471e-02,2.8634,20,1
strong,0.05,3.912,28,3.267471e-02,2.2745,20,1
strong,0.05,3.912,30,3.267471e-02,1.8067,10,1
strong,0.05,3.912,32,3.267471e-02,1.4351,10,1
strong,0.05,3.912,34,3.267471e-02,1.1399,10,1
strong,0.05,3.912,36,3.267471e-02,0.9055,10,1
strong,0.05,3.912,38,3.267471e-02,0.7192,10,1
strong,0.05,3.912,40,3.267471e-02,0.5713,10,1
strong,0.05,3.912,42,3.267471e-02,0.4538,5,1
strong,0.05,3.912,44,3.267471e-02,0.3605,5,1
strong,0.05,3.912,46,3.267471e-02,0.2863,5,1
strong,0.05,3.912,48,3.267471e-02,0.2274,5,1
strong,0.05,3.912,50,3.267471e-02,0.1807,5,1
strong,0.05,4.888,20,2.092780e-02,8.9200,-1,0
strong,0.05,4.888,22,2.092780e-02,7.0854,20,1
strong,0.05,4.888,24,2.092780e-02,5.6281,20,1
strong,0.05,4.888,26,2.092780e-02,4.4706,20,1
strong,0.05,4.888,28,2.092780e-02,3.5511,20,1
strong,0.05,4.888,30,2.092780e-02,2.8208,20,1
strong,0.05,4.888,32,2.092780e-02,2.2406,20,1
strong,0.05,4.888,34,2.092780e-02,1.7798,10,1
strong,0.05,4.888,36,2.092780e-02,1.4137,10,1
strong,0.05,4.888,38,2.092780e-02,1.1230,10,1
strong,0.05,4.888,40,2.092780e-02,0.8920,10,1
strong,0.05,4.888,42,2.092780e-02,0.7085,10,1
strong,0.05,4.888,44,2.092780e-02,0.5628,10,1
strong,0.05,4.888,46,2.092780e-02,0.4471,5,1
strong,0.05,4.888,48,2.092780e-02,0.3551,5,1
strong,0.05,4.888,50,2.092780e-02,0.2821,5,1
strong,0.1,0.5,20,5.228863e-01,0.3570,5,1
strong,0.1,0.5,22,5.228863e-01,0.2836,5,1
strong,0.1,0.5,24,5.228863e-01,0.2253,5,1
strong,0.1,0.5,26,5.228863e-01,0.1789,5,1
strong,0.1,0.5,28,5.228863e-01,0.1421,5,1
strong,0.1,0.5,30,5.228863e-01,0.1129,5,1
strong,0.1,0.5,32,5.228863e-01,0.0897,5,1
strong,0.1,0.5,34,5.228863e-01,0.0712,5,1
strong,0.1,0.5,36,5.228863e-01,0.0566,5,1
strong,0.1,0.5,38,5.228863e-01,0.0449,5,1
strong,0.1,0.5,40,5.228863e-01,0.0357,5,1
strong,0.1,0.5,42,5.228863e-01,0.0284,5,1
strong,0.1,0.5,44,5.228863e-01,0.0225,5,1
strong,0.1,0.5,46,5.228863e-01,0.0179,5,1
strong,0.1,0.5,48,5.228863e-01,0.0142,5,1
strong,0.1,0.5,50,5.228863e-01,0.0113,5,1
strong,0.1,0.628,20,3.208683e-01,0.5818,10,1
strong,0.1,0.628,22,3.208683e-01,0.4621,5,1
strong,0.1,0.628,24,3.208683e-01,0.3671,5,1
strong,0.1,0.628,26,3.208683e-01,0.2916,5,1
strong,0.1,0.628,28,3.208683e-01,0.2316,5,1
strong,0.1,0.628,30,3.208683e-01,0.1840,5,1
strong,0.1,0.628,32,3.208683e-01,0.1461,5,1
strong,0.1,0.628,34,3.208683e-01,0.1161,5,1
strong,0.1,0.628,36,3.208683e-01,0.0922,5,1
strong,0.1,0.628,38,3.208683e-01,0.0732,5,1
strong,0.1,0.628,40,3.208683e-01,0.0582,5,1
strong,0.1,0.628,42,3.208683e-01,0.0462,5,1
strong,0.1,0.628,44,3.208683e-01,0.0367,5,1
strong,0.1,0.628,46,3.208683e-01,0.0292,5,1
strong,0.1,0.628,48,3.208683e-01,0.0232,5,1
strong,0.1,0.628,50,3.208683e-01,0.0184,5,1
strong,0.1,0.789,20,2.016348e-01,0.9258,10,1
strong,0.1,0.789,22,2.016348e-01,0.7354,10,1
strong,0.1,0.789,24,2.016348e-01,0.5841,10,1
strong,0.1,0.789,26,2.016348e-01,0.4640,5,1
strong,0.1,0.789,28,2.016348e-01,0.3686,5,1
strong,0.1,0.789,30,2.016348e-01,0.2928,5,1
strong,0.1,0.789,32,2.016348e-01,0.2326,5,1
strong,0.1,0.789,34,2.016348e-01,0.1847,5,1
strong,0.1,0.789,36,2.016348e-01,0.1467,5,1
strong,0.1,0.789,38,2.016348e-01,0.1166,5,1
strong,0.1,0.789,40,2.016348e-01,0.0926,5,1
strong,0.1,0.789,42,2.016348e-01,0.0735,5,1
strong,0.1,0.789,44,2.016348e-01,0.0584,5,1
strong,0.1,0.789,46,2.016348e-01,0.0464,5,1
strong,0.1,0.789,48,2.016348e-01,0.0369,5,1
strong,0.1,0.789,50,2.016348e-01,0.0293,5,1
strong,0.1,0.992,20,1.272177e-01,1.4674,10,1
strong,0.1,0.992,22,1.272177e-01,1.1656,10,1
strong,0.1,0.992,24,1.272177e-01,0.9259,10,1
strong,0.1,0.992,26,1.272177e-01,0.7354,10,1
strong,0.1,0.992,28,1.272177e-01,0.5842,10,1
strong,0.1,0.992,30,1.272177e-01,0.4640,5,1
strong,0.1,0.992,32,1.272177e-01,0.3686,5,1
strong,0.1,0.992,34,1.272177e-01,0.2928,5,1
strong,0.1,0.992,36,1.272177e-01,0.2326,5,1
strong,0.1,0.992,38,1.272177e-01,0.1847,5,1
strong,0.1,0.992,40,1.272177e-01,0.1467,5,1
strong,0.1,0.992,42,1.272177e-01,0.1166,5,1
strong,0.1,0.992,44,1.272177e-01,0.0926,5,1
strong,0.1,0.992,46,1.272177e-01,0.0735,5,1
strong,0.1,0.992,48,1.272177e-01,0.0584,5,1
strong,0.1,0.992,50,1.272177e-01,0.0464,5,1
strong,0.1,1.266,20,7.803300e-02,2.3923,20,1
strong,0.1,1.266,22,7.803300e-02,1.9002,10,1
strong,0.1,1.266,24,7.803300e-02,1.5094,10,1
strong,0.1,1.266,26,7.803300e-02,1.1990,10,1
strong,0.1,1.266,28,7.803300e-02,0.9524,10,1
strong,0.1,1.266,30,7.803300e-02,0.7565,10,1
strong,0.1,1.266,32,7.803300e-02,0.6009,10,1
strong,0.1,1.266,34,7.803300e-02,0.4773,5,1
strong,0.1,1.266,36,7.803300e-02,0.3791,5,1
strong,0.1,1.266,38,7.803300e-02,0.3012,5,1
strong,0.1,1.266,40,7.803300e-02,0.2392,5,1
strong,0.1,1.266,42,7.803300e-02,0.1900,5,1
strong,0.1,1.266,44,7.803300e-02,0.1509,5,1
strong,0.1,1.266,46,7.803300e-02,0.1199,5,1
strong,0.1,1.266,48,7.803300e-02,0.0952,5,1
strong,0.1,1.266,50,7.803300e-02,0.0757,5,1
strong,0.1,1.548,20,5.217598e-02,3.5778,20,1
strong,0.1,1.548,22,5.217598e-02,2.8420,20,1
strong,0.1,1.548,24,5.217598e-02,2.2575,20,1
strong,0.1,1.548,26,5.217598e-02,1.7932,10,1
strong,0.1,1.548,28,5.217598e-02,1.4244,10,1
strong,0.1,1.548,30,5.217598e-02,1.1314,10,1
strong,0.1,1.548,32,5.217598e-02,0.8987,10,1
strong,0.1,1.548,34,5.217598e-02,0.7139,10,1
strong,0.1,1.548,36,5.217598e-02,0.5670,10,1
strong,0.1,1.548,38,5.217598e-02,0.4504,5,1
strong,0.1,1.548,40,5.217598e-02,0.3578,5,1
strong,0.1,1.548,42,5.217598e-02,0.2842,5,1
strong,0.1,1.548,44,5.217598e-02,0.2257,5,1
strong,0.1,1.548,46,5.217598e-02,0.1793,5,1
strong,0.1,1.548,48,5.217598e-02,0.1424,5,1
strong,0.1,1.548,50,5.217598e-02,0.1131,5,1
strong,0.1,1.967,20,3.231021e-02,5.7776,20,1
strong,0.1,1.967,22,3.231021e-02,4.5893,20,1
strong,0.1,1.967,24,3.231021e-02,3.6454,20,1
strong,0.1,1.967,26,3.231021e-02,2.8957,20,1
strong,0.1,1.967,28,3.231021e-02,2.3001,20,1
strong,0.1,1.967,30,3.231021e-02,1.8270,10,1
strong,0.1,1.967,32,3.231021e-02,1.4513,10,1
strong,0.1,1.967,34,3.231021e-02,1.1528,10,1
strong,0.1,1.967,36,3.231021e-02,0.9157,10,1
strong,0.1,1.967,38,3.231021e-02,0.7274,10,1
strong,0.1,1.967,40,3.231021e-02,0.5778,10,1
strong,0.1,1.967,42,3.231021e-02,0.4589,5,1
strong,0.1,1.967,44,3.231021e-02,0.3645,5,1
strong,0.1,1.967,46,3.231021e-02,0.2896,5,1
strong,0.1,1.967,48,3.231021e-02,0.2300,5,1
strong,0.1,1.967,50,3.231021e-02,0.1827,5,1
strong,0.1,2.511,20,1.982581e-02,9.4158,-1,0
strong,0.1,2.511,22,1.982581e-02,7.4792,20,1
strong,0.1,2.511,24,1.982581e-02,5.9410,20,1
strong,0.1,2.511,26,1.982581e-02,4.7191,20,1
strong,0.1,2.511,28,1.982581e-02,3.7485,20,1
strong,0.1,2.511,30,1.982581e-02,2.9775,20,1
strong,0.1,2.511,32,1.982581e-02,2.3651,20,1
strong,0.1,2.511,34,1.982581e-02,1.8787,10,1
strong,0.1,2.511,36,1.982581e-02,1.4923,10,1
strong,0.1,2.511,38,1.982581e-02,1.1854,10,1
strong,0.1,2.511,40,1.982581e-02,0.9416,10,1
strong,0.1,2.511,42,1.982581e-02,0.7479,10,1
strong,0.1,2.511,44,1.982581e-02,0.5941,10,1
strong,0.1,2.511,46,1.982581e-02,0.4719,5,1
strong,0.1,2.511,48,1.982581e-02,0.3749,5,1
strong,0.1,2.511,50,1.982581e-02,0.2978,5,1
strong,0.1,3.104,20,1.297396e-02,14.3885,-1,0
strong,0.1,3.104,22,1.297396e-02,11.4292,-1,0
strong,0.1,3.104,24,1.297396e-02,9.0785,-1,0
strong,0.1,3.104,26,1.297396e-02,7.2113,20,1
strong,0.1,3.104,28,1.297396e-02,5.7282,20,1
strong,0.1,3.104,30,1.297396e-02,4.5501,20,1
strong,0.1,3.104,32,1.297396e-02,3.6142,20,1
strong,0.1,3.104,34,1.297396e-02,2.8709,20,1
strong,0.1,3.104,36,1.297396e-02,2.2804,20,1
strong,0.1,3.104,38,1.297396e-02,1.8114,10,1
strong,0.1,3.104,40,1.297396e-02,1.4389,10,1
strong,0.1,3.104,42,1.297396e-02,1.1429,10,1
strong,0.1,3.104,44,1.297396e-02,0.9079,10,1
strong,0.1,3.104,46,1.297396e-02,0.7211,10,1
strong,0.1,3.104,48,1.297396e-02,0.5728,10,1
strong,0.1,3.104,50,1.297396e-02,0.4550,5,1
strong,0.1,3.912,20,8.167981e-03,22.8546,-1,0
strong,0.1,3.912,22,8.167981e-03,18.1541,-1,0
strong,0.1,3.912,24,8.167981e-03,14.4203,-1,0
strong,0.1,3.912,26,8.167981e-03,11.4544,-1,0
strong,0.1,3.912,28,8.167981e-03,9.0986,-1,0
strong,0.1,3.912,30,8.167981e-03,7.2273,20,1
strong,0.1,3.912,32,8.167981e-03,5.7408,20,1
strong,0.1,3.912,34,8.167981e-03,4.5601,20,1
strong,0.1,3.912,36,8.167981e-03,3.6222,20,1
strong,0.1,3.912,38,8.167981e-03,2.8772,20,1
strong,0.1,3.912,40,8.167981e-03,2.2855,20,1
strong,0.1,3.912,42,8.167981e-03,1.8154,10,1
strong,0.1,3.912,44,8.167981e-03,1.4420,10,1
strong,0.1,3.912,46,8.167981e-03,1.1454,10,1
strong,0.1,3.912,48,8.167981e-03,0.9099,10,1
strong,0.1,3.912,50,8.167981e-03,0.7227,10,1
strong,0.1,4.888,20,5.231769e-03,35.6813,-1,0
strong,0.1,4.888,22,5.231769e-03,28.3426,-1,0
strong,0.1,4.888,24,5.231769e-03,22.5134,-1,0
strong,0.1,4.888,26,5.231769e-03,17.8830,-1,0
strong,0.1,4.888,28,5.231769e-03,14.2050,-1,0
strong,0.1,4.888,30,5.231769e-03,11.2834,-1,0
strong,0.1,4.888,32,5.231769e-03,8.9627,-1,0
strong,0.1,4.888,34,5.231769e-03,7.1193,20,1
strong,0.1,4.888,36,5.231769e-03,5.6551,20,1
strong,0.1,4.888,38,5.231769e-03,4.4920,20,1
strong,0.1,4.888,40,5.231769e-03,3.5681,20,1
strong,0.1,4.888,42,5.231769e-03,2.8343,20,1
strong,0.1,4.888,44,5.231769e-03,2.2513,20,1
strong,0.1,4.888,46,5.231769e-03,1.7883,10,1
strong,0.1,4.888,48,5.231769e-03,1.4205,10,1
strong,0.1,4.888,50,5.231769e-03,1.1283,10,1
strong,0.2,0.5,20,1.251839e-01,1.4912,10,1
strong,0.2,0.5,22,1.251839e-01,1.1845,10,1
strong,0.2,0.5,24,1.251839e-01,0.9409,10,1
strong,0.2,0.5,26,1.251839e-01,0.7474,10,1
strong,0.2,0.5,28,1.251839e-01,0.5937,10,1
strong,0.2,0.5,30,1.251839e-01,0.4716,5,1
strong,0.2,0.5,32,1.251839e-01,0.3746,5,1
strong,0.2,0.5,34,1.251839e-01,0.2975,5,1
strong,0.2,0.5,36,1.251839e-01,0.2363,5,1
strong,0.2,0.5,38,1.251839e-01,0.1877,5,1
strong,0.2,0.5,40,1.251839e-01,0.1491,5,1
strong,0.2,0.5,42,1.251839e-01,0.1185,5,1
strong,0.2,0.5,44,1.251839e-01,0.0941,5,1
strong,0.2,0.5,46,1.251839e-01,0.0747,5,1
strong,0.2,0.5,48,1.251839e-01,0.0594,5,1
strong,0.2,0.5,50,1.251839e-01,0.0472,5,1
strong,0.2,0.628,20,7.928196e-02,2.3546,20,1
strong,0.2,0.628,22,7.928196e-02,1.8703,10,1
strong,0.2,0.628,24,7.928196e-02,1.4856,10,1
strong,0.2,0.628,26,7.928196e-02,1.1801,10,1
strong,0.2,0.628,28,7.928196e-02,0.9374,10,1
strong,0.2,0.628,30,7.928196e-02,0.7446,10,1
strong,0.2,0.628,32,7.928196e-02,0.5914,10,1
strong,0.2,0.628,34,7.928196e-02,0.4698,5,1
strong,0.2,0.628,36,7.928196e-02,0.3732,5,1
strong,0.2,0.628,38,7.928196e-02,0.2964,5,1
strong,0.2,0.628,40,7.928196e-02,0.2355,5,1
strong,0.2,0.628,42,7.928196e-02,0.1870,5,1
strong,0.2,0.628,44,7.928196e-02,0.1486,5,1
strong,0.2,0.628,46,7.928196e-02,0.1180,5,1
strong,0.2,0.628,48,7.928196e-02,0.0937,5,1
strong,0.2,0.628,50,7.928196e-02,0.0745,5,1
strong,0.2,0.789,20,5.021007e-02,3.7179,20,1
strong,0.2,0.789,22,5.021007e-02,2.9532,20,1
strong,0.2,0.789,24,5.021007e-02,2.3458,20,1
strong,0.2,0.789,26,5.021007e-02,1.8634,10,1
strong,0.2,0.789,28,5.021007e-02,1.4801,10,1
strong,0.2,0.789,30,5.021007e-02,1.1757,10,1
strong,0.2,0.789,32,5.021007e-02,0.9339,10,1
strong,0.2,0.789,34,5.021007e-02,0.7418,10,1
strong,0.2,0.789,36,5.021007e-02,0.5892,10,1
strong,0.2,0.789,38,5.021007e-02,0.4681,5,1
strong,0.2,0.789,40,5.021007e-02,0.3718,5,1
strong,0.2,0.789,42,5.021007e-02,0.2953,5,1
strong,0.2,0.789,44,5.021007e-02,0.2346,5,1
strong,0.2,0.789,46,5.021007e-02,0.1863,5,1
strong,0.2,0.789,48,5.021007e-02,0.1480,5,1
strong,0.2,0.789,50,5.021007e-02,0.1176,5,1
strong,0.2,0.992,20,3.175879e-02,5.8779,20,1
strong,0.2,0.992,22,3.175879e-02,4.6690,20,1
strong,0.2,0.992,24,3.175879e-02,3.7087,20,1
strong,0.2,0.992,26,3.175879e-02,2.9459,20,1
strong,0.2,0.992,28,3.175879e-02,2.3400,20,1
strong,0.2,0.992,30,3.175879e-02,1.8588,10,1
strong,0.2,0.992,32,3.175879e-02,1.4765,10,1
strong,0.2,0.992,34,3.175879e-02,1.1728,10,1
strong,0.2,0.992,36,3.175879e-02,0.9316,10,1
strong,0.2,0.992,38,3.175879e-02,0.7400,10,1
strong,0.2,0.992,40,3.175879e-02,0.5878,10,1
strong,0.2,0.992,42,3.175879e-02,0.4669,5,1
strong,0.2,0.992,44,3.175879e-02,0.3709,5,1
strong,0.2,0.992,46,3.175879e-02,0.2946,5,1
strong,0.2,0.992,48,3.175879e-02,0.2340,5,1
strong,0.2,0.992,50,3.175879e-02,0.1859,5,1
strong,0.2,1.266,20,1.949829e-02,9.5740,-1,0
strong,0.2,1.266,22,1.949829e-02,7.6049,20,1
strong,0.2,1.266,24,1.949829e-02,6.0408,20,1
strong,0.2,1.266,26,1.949829e-02,4.7984,20,1
strong,0.2,1.266,28,1.949829e-02,3.8115,20,1
strong,0.2,1.266,30,1.949829e-02,3.0276,20,1
strong,0.2,1.266,32,1.949829e-02,2.4049,20,1
strong,0.2,1.266,34,1.949829e-02,1.9103,10,1
strong,0.2,1.266,36,1.949829e-02,1.5174,10,1
strong,0.2,1.266,38,1.949829e-02,1.2053,10,1
strong,0.2,1.266,40,1.949829e-02,0.9574,10,1
strong,0.2,1.266,42,1.949829e-02,0.7605,10,1
strong,0.2,1.266,44,1.949829e-02,0.6041,10,1
strong,0.2,1.266,46,1.949829e-02,0.4798,5,1
strong,0.2,1.266,48,1.949829e-02,0.3811,5,1
strong,0.2,1.266,50,1.949829e-02,0.3028,5,1
strong,0.2,1.548,20,1.304110e-02,14.3144,-1,0
strong,0.2,1.548,22,1.304110e-02,11.3704,-1,0
strong,0.2,1.548,24,1.304110e-02,9.0318,-1,0
strong,0.2,1.548,26,1.304110e-02,7.1742,20,1
strong,0.2,1.548,28,1.304110e-02,5.6987,20,1
strong,0.2,1.548,30,1.304110e-02,4.5266,20,1
strong,0.2,1.548,32,1.304110e-02,3.5956,20,1
strong,0.2,1.548,34,1.304110e-02,2.8561,20,1
strong,0.2,1.548,36,1.304110e-02,2.2687,20,1
strong,0.2,1.548,38,1.304110e-02,1.8021,10,1
strong,0.2,1.548,40,1.304110e-02,1.4314,10,1
strong,0.2,1.548,42,1.304110e-02,1.1370,10,1
strong,0.2,1.548,44,1.304110e-02,0.9032,10,1
strong,0.2,1.548,46,1.304110e-02,0.7174,10,1
strong,0.2,1.548,48,1.304110e-02,0.5699,10,1
strong,0.2,1.548,50,1.304110e-02,0.4527,5,1
strong,0.2,1.967,20,8.076880e-03,23.1124,-1,0
strong,0.2,1.967,22,8.076880e-03,18.3588,-1,0
strong,0.2,1.967,24,8.076880e-03,14.5829,-1,0
strong,0.2,1.967,26,8.076880e-03,11.5836,-1,0
strong,0.2,1.967,28,8.076880e-03,9.2012,-1,0
strong,0.2,1.967,30,8.076880e-03,7.3088,20,1
strong,0.2,1.967,32,8.076880e-03,5.8056,20,1
strong,0.2,1.967,34,8.076880e-03,4.6115,20,1
strong,0.2,1.967,36,8.076880e-03,3.6631,20,1
strong,0.2,1.967,38,8.076880e-03,2.9097,20,1
strong,0.2,1.967,40,8.076880e-03,2.3112,20,1
strong,0.2,1.967,42,8.076880e-03,1.8359,10,1
strong,0.2,1.967,44,8.076880e-03,1.4583,10,1
strong,0.2,1.967,46,8.076880e-03,1.1584,10,1
strong,0.2,1.967,48,8.076880e-03,0.9201,10,1
strong,0.2,1.967,50,8.076880e-03,0.7309,10,1
strong,0.2,2.511,20,4.956299e-03,37.6644,-1,0
strong,0.2,2.511,22,4.956299e-03,29.9179,-1,0
strong,0.2,2.511,24,4.956299e-03,23.7647,-1,0
strong,0.2,2.511,26,4.956299e-03,18.8769,-1,0
strong,0.2,2.511,28,4.956299e-03,14.9945,-1,0
strong,0.2,2.511,30,4.956299e-03,11.9105,-1,0
strong,0.2,2.511,32,4.956299e-03,9.4609,-1,0
strong,0.2,2.511,34,4.956299e-03,7.5150,20,1
strong,0.2,2.511,36,4.956299e-03,5.9694,20,1
strong,0.2,2.511,38,4.956299e-03,4.7417,20,1
strong,0.2,2.511,40,4.956299e-03,3.7664,20,1
strong,0.2,2.511,42,4.956299e-03,2.9918,20,1
strong,0.2,2.511,44,4.956299e-03,2.3765,20,1
strong,0.2,2.511,46,4.956299e-03,1.8877,10,1
strong,0.2,2.511,48,4.956299e-03,1.4994,10,1
strong,0.2,2.511,50,4.956299e-03,1.1911,10,1
strong,0.2,3.104,20,3.243448e-03,57.5549,-1,0
strong,0.2,3.104,22,3.243448e-03,45.7174,-1,0
strong,0.2,3.104,24,3.243448e-03,36.3147,-1,0
strong,0.2,3.104,26,3.243448e-03,28.8458,-1,0
strong,0.2,3.104,28,3.243448e-03,22.9130,-1,0
strong,0.2,3.104,30,3.243448e-03,18.2004,-1,0
strong,0.2,3.104,32,3.243448e-03,14.4571,-1,0
strong,0.2,3.104,34,3.243448e-03,11.4837,-1,0
strong,0.2,3.104,36,3.243448e-03,9.1218,-1,0
strong,0.2,3.104,38,3.243448e-03,7.2457,20,1
strong,0.2,3.104,40,3.243448e-03,5.7555,20,1
strong,0.2,3.104,42,3.243448e-03,4.5717,20,1
strong,0.2,3.104,44,3.243448e-03,3.6315,20,1
strong,0.2,3.104,46,3.243448e-03,2.8846,20,1
strong,0.2,3.104,48,3.243448e-03,2.2913,20,1
strong,0.2,3.104,50,3.243448e-03,1.8200,10,1
strong,0.2,3.912,20,2.041985e-03,91.4190,-1,0
strong,0.2,3.912,22,2.041985e-03,72.6167,-1,0
strong,0.2,3.912,24,2.041985e-03,57.6815,-1,0
strong,0.2,3.912,26,2.041985e-03,45.8180,-1,0
strong,0.2,3.912,28,2.041985e-03,36.3946,-1,0
strong,0.2,3.912,30,2.041985e-03,28.9092,-1,0
strong,0.2,3.912,32,2.041985e-03,22.9634,-1,0
strong,0.2,3.912,34,2.041985e-03,18.2405,-1,0
strong,0.2,3.912,36,2.041985e-03,14.4889,-1,0
strong,0.2,3.912,38,2.041985e-03,11.5090,-1,0
strong,0.2,3.912,40,2.041985e-03,9.1419,-1,0
strong,0.2,3.912,42,2.041985e-03,7.2617,20,1
strong,0.2,3.912,44,2.041985e-03,5.7681,20,1
strong,0.2,3.912,46,2.041985e-03,4.5818,20,1
strong,0.2,3.912,48,2.041985e-03,3.6395,20,1
strong,0.2,3.912,50,2.041985e-03,2.8909,20,1
strong,0.2,4.888,20,1.307940e-03,142.7254,-1,0
strong,0.2,4.888,22,1.307940e-03,113.3708,-1,0
strong,0.2,4.888,24,1.307940e-03,90.0536,-1,0
strong,0.2,4.888,26,1.307940e-03,71.5321,-1,0
strong,0.2,4.888,28,1.307940e-03,56.8200,-1,0
strong,0.2,4.888,30,1.307940e-03,45.1337,-1,0
strong,0.2,4.888,32,1.307940e-03,35.8510,-1,0
strong,0.2,4.888,34,1.307940e-03,28.4775,-1,0
strong,0.2,4.888,36,1.307940e-03,22.6205,-1,0
strong,0.2,4.888,38,1.307940e-03,17.9681,-1,0
strong,0.2,4.888,40,1.307940e-03,14.2725,-1,0
strong,0.2,4.888,42,1.307940e-03,11.3371,-1,0
strong,0.2,4.888,44,1.307940e-03,9.0054,-1,0
strong,0.2,4.888,46,1.307940e-03,7.1532,20,1
strong,0.2,4.888,48,1.307940e-03,5.6820,20,1
strong,0.2,4.888,50,1.307940e-03,4.5134,20,1
strong,0.3,0.5,20,5.557049e-02,3.3593,20,1
strong,0.3,0.5,22,5.557049e-02,2.6684,20,1
strong,0.3,0.5,24,5.557049e-02,2.1196,20,1
strong,0.3,0.5,26,5.557049e-02,1.6836,10,1
strong,0.3,0.5,28,5.557049e-02,1.3373,10,1
strong,0.3,0.5,30,5.557049e-02,1.0623,10,1
strong,0.3,0.5,32,5.557049e-02,0.8438,10,1
strong,0.3,0.5,34,5.557049e-02,0.6703,10,1
strong,0.3,0.5,36,5.557049e-02,0.5324,10,1
strong,0.3,0.5,38,5.557049e-02,0.4229,5,1
strong,0.3,0.5,40,5.557049e-02,0.3359,5,1
strong,0.3,0.5,42,5.557049e-02,0.2668,5,1
strong,0.3,0.5,44,5.557049e-02,0.2120,5,1
strong,0.3,0.5,46,5.557049e-02,0.1684,5,1
strong,0.3,0.5,48,5.557049e-02,0.1337,5,1
strong,0.3,0.5,50,5.557049e-02,0.1062,5,1
strong,0.3,0.628,20,3.522039e-02,5.3002,20,1
strong,0.3,0.628,22,3.522039e-02,4.2101,20,1
strong,0.3,0.628,24,3.522039e-02,3.3442,20,1
strong,0.3,0.628,26,3.522039e-02,2.6564,20,1
strong,0.3,0.628,28,3.522039e-02,2.1101,20,1
strong,0.3,0.628,30,3.522039e-02,1.6761,10,1
strong,0.3,0.628,32,3.522039e-02,1.3314,10,1
strong,0.3,0.628,34,3.522039e-02,1.0575,10,1
strong,0.3,0.628,36,3.522039e-02,0.8400,10,1
strong,0.3,0.628,38,3.522039e-02,0.6673,10,1
strong,0.3,0.628,40,3.522039e-02,0.5300,10,1
strong,0.3,0.628,42,3.522039e-02,0.4210,5,1
strong,0.3,0.628,44,3.522039e-02,0.3344,5,1
strong,0.3,0.628,46,3.522039e-02,0.2656,5,1
strong,0.3,0.628,48,3.522039e-02,0.2110,5,1
strong,0.3,0.628,50,3.522039e-02,0.1676,5,1
strong,0.3,0.789,20,2.231165e-02,8.3668,-1,0
strong,0.3,0.789,22,2.231165e-02,6.6460,20,1
strong,0.3,0.789,24,2.231165e-02,5.2791,20,1
strong,0.3,0.789,26,2.231165e-02,4.1933,20,1
strong,0.3,0.789,28,2.231165e-02,3.3309,20,1
strong,0.3,0.789,30,2.231165e-02,2.6458,20,1
strong,0.3,0.789,32,2.231165e-02,2.1016,20,1
strong,0.3,0.789,34,2.231165e-02,1.6694,10,1
strong,0.3,0.789,36,2.231165e-02,1.3260,10,1
strong,0.3,0.789,38,2.231165e-02,1.0533,10,1
strong,0.3,0.789,40,2.231165e-02,0.8367,10,1
strong,0.3,0.789,42,2.231165e-02,0.6646,10,1
strong,0.3,0.789,44,2.231165e-02,0.5279,10,1
strong,0.3,0.789,46,2.231165e-02,0.4193,5,1
strong,0.3,0.789,48,2.231165e-02,0.3331,5,1
strong,0.3,0.789,50,2.231165e-02,0.2646,5,1
strong,0.3,0.992,20,1.411404e-02,13.2263,-1,0
strong,0.3,0.992,22,1.411404e-02,10.5060,-1,0
strong,0.3,0.992,24,1.411404e-02,8.3452,-1,0
strong,0.3,0.992,26,1.411404e-02,6.6288,20,1
strong,0.3,0.992,28,1.411404e-02,5.2655,20,1
strong,0.3,0.992,30,1.411404e-02,4.1825,20,1
strong,0.3,0.992,32,1.411404e-02,3.3223,20,1
strong,0.3,0.992,34,1.411404e-02,2.6390,20,1
strong,0.3,0.992,36,1.411404e-02,2.0962,20,1
strong,0.3,0.992,38,1.411404e-02,1.6651,10,1
strong,0.3,0.992,40,1.411404e-02,1.3226,10,1
strong,0.3,0.992,42,1.411404e-02,1.0506,10,1
strong,0.3,0.992,44,1.411404e-02,0.8345,10,1
strong,0.3,0.992,46,1.411404e-02,0.6629,10,1
strong,0.3,0.992,48,1.411404e-02,0.5265,10,1
strong,0.3,0.992,50,1.411404e-02,0.4183,5,1
strong,0.3,1.266,20,8.665683e-03,21.5420,-1,0
strong,0.3,1.266,22,8.665683e-03,17.1114,-1,0
strong,0.3,1.266,24,8.665683e-03,13.5921,-1,0
strong,0.3,1.266,26,8.665683e-03,10.7966,-1,0
strong,0.3,1.266,28,8.665683e-03,8.5760,-1,0
strong,0.3,1.266,30,8.665683e-03,6.8122,20,1
strong,0.3,1.266,32,8.665683e-03,5.4111,20,1
strong,0.3,1.266,34,8.665683e-03,4.2982,20,1
strong,0.3,1.266,36,8.665683e-03,3.4142,20,1
strong,0.3,1.266,38,8.665683e-03,2.7120,20,1
strong,0.3,1.266,40,8.665683e-03,2.1542,20,1
strong,0.3,1.266,42,8.665683e-03,1.7111,10,1
strong,0.3,1.266,44,8.665683e-03,1.3592,10,1
strong,0.3,1.266,46,8.665683e-03,1.0797,10,1
strong,0.3,1.266,48,8.665683e-03,0.8576,10,1
strong,0.3,1.266,50,8.665683e-03,0.6812,10,1
strong,0.3,1.548,20,5.795979e-03,32.2079,-1,0
strong,0.3,1.548,22,5.795979e-03,25.5836,-1,0
strong,0.3,1.548,24,5.795979e-03,20.3218,-1,0
strong,0.3,1.548,26,5.795979e-03,16.1422,-1,0
strong,0.3,1.548,28,5.795979e-03,12.8222,-1,0
strong,0.3,1.548,30,5.795979e-03,10.1850,-1,0
strong,0.3,1.548,32,5.795979e-03,8.0903,-1,0
strong,0.3,1.548,34,5.795979e-03,6.4263,20,1
strong,0.3,1.548,36,5.795979e-03,5.1046,20,1
strong,0.3,1.548,38,5.795979e-03,4.0547,20,1
strong,0.3,1.548,40,5.795979e-03,3.2208,20,1
strong,0.3,1.548,42,5.795979e-03,2.5584,20,1
strong,0.3,1.548,44,5.795979e-03,2.0322,20,1
strong,0.3,1.548,46,5.795979e-03,1.6142,10,1
strong,0.3,1.548,48,5.795979e-03,1.2822,10,1
strong,0.3,1.548,50,5.795979e-03,1.0185,10,1
strong,0.3,1.967,20,3.589709e-03,52.0032,-1,0
strong,0.3,1.967,22,3.589709e-03,41.3076,-1,0
strong,0.3,1.967,24,3.589709e-03,32.8118,-1,0
strong,0.3,1.967,26,3.589709e-03,26.0633,-1,0
strong,0.3,1.967,28,3.589709e-03,20.7028,-1,0
strong,0.3,1.967,30,3.589709e-03,16.4448,-1,0
strong,0.3,1.967,32,3.589709e-03,13.0626,-1,0
strong,0.3,1.967,34,3.589709e-03,10.3760,-1,0
strong,0.3,1.967,36,3.589709e-03,8.2419,-1,0
strong,0.3,1.967,38,3.589709e-03,6.5468,20,1
strong,0.3,1.967,40,3.589709e-03,5.2003,20,1
strong,0.3,1.967,42,3.589709e-03,4.1308,20,1
strong,0.3,1.967,44,3.589709e-03,3.2812,20,1
strong,0.3,1.967,46,3.589709e-03,2.6063,20,1
strong,0.3,1.967,48,3.589709e-03,2.0703,20,1
strong,0.3,1.967,50,3.589709e-03,1.6445,10,1
strong,0.3,2.511,20,2.202796e-03,84.7451,-1,0
strong,0.3,2.511,22,2.202796e-03,67.3154,-1,0
strong,0.3,2.511,24,2.202796e-03,53.4706,-1,0
strong,0.3,2.511,26,2.202796e-03,42.4732,-1,0
strong,0.3,2.511,28,2.202796e-03,33.7376,-1,0
strong,0.3,2.511,30,2.202796e-03,26.7988,-1,0
strong,0.3,2.511,32,2.202796e-03,21.2870,-1,0
strong,0.3,2.511,34,2.202796e-03,16.9089,-1,0
strong,0.3,2.511,36,2.202796e-03,13.4312,-1,0
strong,0.3,2.511,38,2.202796e-03,10.6688,-1,0
strong,0.3,2.511,40,2.202796e-03,8.4745,-1,0
strong,0.3,2.511,42,2.202796e-03,6.7315,20,1
strong,0.3,2.511,44,2.202796e-03,5.3471,20,1
strong,0.3,2.511,46,2.202796e-03,4.2473,20,1
strong,0.3,2.511,48,2.202796e-03,3.3738,20,1
strong,0.3,2.511,50,2.202796e-03,2.6799,20,1
strong,0.3,3.104,20,1.441532e-03,129.4985,-1,0
strong,0.3,3.104,22,1.441532e-03,102.8643,-1,0
strong,0.3,3.104,24,1.441532e-03,81.7080,-1,0
strong,0.3,3.104,26,1.441532e-03,64.9030,-1,0
strong,0.3,3.104,28,1.441532e-03,51.5543,-1,0
strong,0.3,3.104,30,1.441532e-03,40.9510,-1,0
strong,0.3,3.104,32,1.441532e-03,32.5286,-1,0
strong,0.3,3.104,34,1.441532e-03,25.8383,-1,0
strong,0.3,3.104,36,1.441532e-03,20.5241,-1,0
strong,0.3,3.104,38,1.441532e-03,16.3029,-1,0
strong,0.3,3.104,40,1.441532e-03,12.9499,-1,0
strong,0.3,3.104,42,1.441532e-03,10.2864,-1,0
strong,0.3,3.104,44,1.441532e-03,8.1708,-1,0
strong,0.3,3.104,46,1.441532e-03,6.4903,20,1
strong,0.3,3.104,48,1.441532e-03,5.1554,20,1
strong,0.3,3.104,50,1.441532e-03,4.0951,20,1
strong,0.3,3.912,20,9.075485e-04,205.6928,-1,0
strong,0.3,3.912,22,9.075485e-04,163.3876,-1,0
strong,0.3,3.912,24,9.075485e-04,129.7834,-1,0
strong,0.3,3.912,26,9.075485e-04,103.0906,-1,0
strong,0.3,3.912,28,9.075485e-04,81.8878,-1,0
strong,0.3,3.912,30,9.075485e-04,65.0458,-1,0
strong,0.3,3.912,32,9.075485e-04,51.6677,-1,0
strong,0.3,3.912,34,9.075485e-04,41.0411,-1,0
strong,0.3,3.912,36,9.075485e-04,32.6001,-1,0
strong,0.3,3.912,38,9.075485e-04,25.8952,-1,0
strong,0.3,3.912,40,9.075485e-04,20.5693,-1,0
strong,0.3,3.912,42,9.075485e-04,16.3388,-1,0
strong,0.3,3.912,44,9.075485e-04,12.9783,-1,0
strong,0.3,3.912,46,9.075485e-04,10.3091,-1,0
strong,0.3,3.912,48,9.075485e-04,8.1888,-1,0
strong,0.3,3.912,50,9.075485e-04,6.5046,20,1
strong,0.3,4.888,20,5.813064e-04,321.1322,-1,0
strong,0.3,4.888,22,5.813064e-04,255.0843,-1,0
strong,0.3,4.888,24,5.813064e-04,202.6207,-1,0
strong,0.3,4.888,26,5.813064e-04,160.9473,-1,0
strong,0.3,4.888,28,5.813064e-04,127.8450,-1,0
strong,0.3,4.888,30,5.813064e-04,101.5509,-1,0
strong,0.3,4.888,32,5.813064e-04,80.6648,-1,0
strong,0.3,4.888,34,5.813064e-04,64.0743,-1,0
strong,0.3,4.888,36,5.813064e-04,50.8960,-1,0
strong,0.3,4.888,38,5.813064e-04,40.4281,-1,0
strong,0.3,4.888,40,5.813064e-04,32.1132,-1,0
strong,0.3,4.888,42,5.813064e-04,25.5084,-1,0
strong,0.3,4.888,44,5.813064e-04,20.2621,-1,0
strong,0.3,4.888,46,5.813064e-04,16.0947,-1,0
strong,0.3,4.888,48,5.813064e-04,12.7845,-1,0
strong,0.3,4.888,50,5.813064e-04,10.1551,-1,0
