sigma_s,r_d,seed,w_best,iterations,best_f
0.1,0.02747569592,800000,0.20615448851533344,8,0.15762954246698757
0.1,0.007188864364,800001,0.2030450173382814,13,0.15482679672396291
0.1,0.0248800395,800002,0.20572712934499138,14,0.15709320363834783
0.1,0.0221793804,800003,0.20458677610755546,14,0.15658936500076232
0.1,0.01848106178,800004,0.20416790002745666,12,0.15598956834587313
0.1,0.03142242103,800005,0.20673224717093014,7,0.15854280813736477
0.1,0.0310509311,800006,0.20692161804151876,14,0.15845226300301338
0.1,0.03675466264,800007,0.20834438037019123,14,0.15995350357891744
0.1,0.03700453326,800008,0.20850240404710857,14,0.16002320284124197
0.1,0.04057261234,800009,0.20977556539075393,14,0.16108517592309868
0.1,0.02859757958,800010,0.20599548444099292,14,0.15787736427112439
0.1,0.03821258868,800011,0.20878477958807332,14,0.16037488070530104
0.1,0.0210063303,800012,0.20460874481512423,16,0.15638811164950661
0.1,0.01188283019,800013,0.20321891047678009,15,0.15518779435783384
0.1,0.04828347272,800014,0.21240510192627371,15,0.16367007102604428
0.1,0.03064076818,800015,0.20668182369630575,15,0.15835132381299599
0.1,0.03883985278,800016,0.20904513616555909,14,0.16055970875008943
0.1,0.01092681137,800017,0.20343978253265935,13,0.15509963072476057
0.1,0.004377521349,800018,0.20269110646937691,15,0.15469422603331151
0.1,0.02154861535,800019,0.20432610312298866,15,0.15648041320733846
0.1,0.03765087566,800020,0.20867268667978306,14,0.16020969207411406
0.1,0.03729671432,800021,0.20767459043234143,12,0.16011179365777264
0.1,0.004768162221,800022,0.20285646180790626,13,0.15470577868028326
0.1,0.0107195281,800023,0.20320992306739649,14,0.15507811435700389
0.1,0.03024711087,800024,0.20649680194175352,13,0.15825835669454702
0.1,0.06471081095,800025,0.21936565324757756,15,0.17037731805800746
0.1,0.04631810424,800026,0.21190112450464249,14,0.16297574795139746
0.1,0.01981325651,800027,0.20423780676886452,12,0.15619486090110976
0.1,0.01721432348,800028,0.2041860699952853,17,0.15580919530122073
0.1,0.01822256313,800029,0.20414470243200741,14,0.1559518235607858
0.1,0.02044234923,800030,0.2046573571441889,14,0.1562946260672339
0.1,0.02972990121,800031,0.20654043768407437,16,0.15813838695938068
0.1,0.02251236156,800032,0.20501616193025674,14,0.15664801502298714
0.1,0.03866941375,800033,0.20863380412331334,15,0.16050855592608038
0.1,0.05223901756,800034,0.2141567085598208,15,0.16514164581062729
0.1,0.01166163844,800035,0.20314496880866864,16,0.15516333774061061
0.1,0.01817512215,800036,0.204185887898156,14,0.15594505888930596
0.1,0.03791306068,800037,0.20823097066489785,15,0.16028766795220101
0.1,0.0569420759,800038,0.21616991320140017,15,0.16701576175268365
0.1,0.03898905098,800039,0.20885151528170626,15,0.1606046816423429
0.1,0.01857526638,800040,0.20401224033416157,15,0.15600401641840506
0.1,0.03106607447,800041,0.20715158643612255,15,0.15845557635586152
0.1,0.04513295773,800042,0.21106464882188261,15,0.16256718127433514
0.1,0.05374549761,800043,0.21462208060715549,14,0.16572739009230586
0.1,0.02353647923,800044,0.20513920950475723,16,0.15683472763821016
0.1,0.04764605362,800045,0.21208931806961107,15,0.16344188317634328
0.1,0.02807616885,800046,0.2054997038309371,16,0.15776143328700923
0.1,0.03931953966,800047,0.20958301243385788,12,0.16070389305570734
0.1,0.02716885996,800048,0.20577998398533151,14,0.15756539904745567
0.1,0.00698118721,800049,0.20258238230127834,14,0.15481235122374057
0.1,0.04088089995,800050,0.2090413423905218,15,0.16118268472556904
0.1,0.02407776435,800051,0.20516121626821465,14,0.15693861424395461
0.1,0.05023960699,800052,0.21296574175974312,15,0.16438696343287834
0.1,0.03368755698,800053,0.20758323416507249,14,0.15911561614886569
0.1,0.01511315076,800054,0.20375926886213888,15,0.15553605908756235
0.1,0.03312692105,800055,0.20730364748606694,15,0.15896995469400879
0.1,0.04923284634,800056,0.21278179397593425,14,0.16401454764816861
0.1,0.0510249264,800057,0.2134764815741001,15,0.16467990322717069
0.1,0.03487509509,800058,0.20786096581377014,14,0.15943161422715482
0.1,0.03202207048,800059,0.20683547105239558,16,0.15869246663252426
0.1,0.007325868558,800060,0.20290171603970458,16,0.15483204994008939
0.1,0.02458961247,800061,0.20537454775743072,16,0.15703845296969968
0.1,0.02127135859,800062,0.20447687114491703,15,0.15643191770631484
0.1,0.0142091091,800063,0.20360068051045446,15,0.1554290165108545
0.1,0.03250977608,800064,0.20766356778034722,15,0.15881451783555917
0.1,0.07151424191,800065,0.22310812075850645,15,0.17357696779183851
0.1,0.04808169009,800066,0.21206969494721026,15,0.16359806598845686
0.1,0.02517246374,800067,0.20550200234092159,13,0.15715310262546345
0.1,0.01260111688,800068,0.20342117226897447,10,0.15525675457818583
0.1,0.00726589075,800069,0.20300784292450624,13,0.1548273564122726
0.1,0.0170643507,800070,0.20387691528808602,15,0.15578733187104213
0.1,0.0387340239,800071,0.20896443357388481,14,0.16052722636112307
0.1,0.06608102918,800072,0.22021754818074146,16,0.17100464344295624
0.1,0.06640764383,800073,0.22021163437979632,14,0.17115542776342074
0.1,0.05343718018,800074,0.21406012934304033,14,0.16560744905285665
0.1,0.078149546,800075,0.22644641923277536,14,0.17690319911743166
0.1,0.03393245339,800076,0.2075170339650077,14,0.15917995589620751
0.1,0.0652103708,800077,0.21948829516210533,13,0.17060529334404195
0.1,0.03837018451,800078,0.20858216897965084,15,0.16042154490537661
0.1,0.01833772262,800079,0.20429650097428162,16,0.15596750509738336
0.1,0.02095071735,800080,0.20488553209712115,15,0.1563801673272022
0.1,0.02383549377,800081,0.20509235891953706,14,0.15689312470218764
0.1,0.08211141684,800082,0.22904318186779796,15,0.17897785270137953
0.1,0.01187032729,800083,0.20327862078634143,14,0.15518338287052535
0.1,0.04636784315,800084,0.21207145573473771,15,0.1629950355513419
0.1,0.02642177633,800085,0.20558930230225658,15,0.15740679159509896
0.1,0.03737867851,800086,0.20854689021205794,15,0.16013144305610388
0.1,0.0188835136,800087,0.20429325548265753,16,0.15605044499727536
0.1,0.06317543354,800088,0.21870636816712105,13,0.16968617375121842
0.1,0.05225432015,800089,0.21428790255809066,14,0.16514903368885589
0.1,0.05212398997,800090,0.2139063568506136,14,0.16509974765242669
0.1,0.04284405194,800091,0.20999939769866291,15,0.16180727441669707
0.1,0.009590049731,800092,0.20313368024024009,15,0.15498570190457578
0.1,0.03196449954,800093,0.20700631479245585,14,0.15867703383658374
0.1,0.0155398446,800094,0.20388311100164622,15,0.15558908930438584
0.1,0.0253371919,800095,0.20532951905017674,15,0.15718566969045139
0.1,0.02310069668,800096,0.205059650680781,14,0.15675448182004553
0.1,0.03539712637,800097,0.20797100630833282,17,0.15957453370634628
0.1,0.03183508921,800098,0.2072679822990737,17,0.15864441005727462
0.1,0.01186954104,800099,0.20321778562662118,14,0.1551837788292475
